,Theme,Company
0,방탄소년단,"['키이스트', '넷마블', '디피씨', 'SK텔레콤', '드림어스컴퍼니', '경남제약', '손오공', '남성', '소리바다', '브이티지엠피', '카카오', '한화시스템', '엘비세미콘', '초록뱀']"
1,5G,"['에이스테크', '신한', '지니언스', '프로텍', '기가레인', '체시스', '클래시스', '삼성증권', '이노와이어리스', '케이엠더블유', '에프알텍', '서진시스템', '오이솔루션', '대한광통신', '위메이드', '씨에스베어링', '화진', '부광약품', '씨젠', '유비쿼스', '유안타증권', 'RFHIC', 'NHN한국사이버결제', '쏠리드', '삼성전자', '전파기지국', '매일유업', 'SK증권', '알에프텍']"
2,보톡스,"['제테마', '휴젤', '메디톡스', '휴온스글로벌', '대웅제약']"
3,황우석,"['홈캐스트', 'W홀딩컴퍼니', 'DB']"
4,마스크,"['수젠텍', '레몬', '케이엠', '오공', '모나리자', '깨끗한나라', '웰크론', '쌍방울', '국제약품', '한송네오텍', '파루', '에스디생명공학', '락앤락', '케이피엠테크', '한국알콜', 'MH에탄올', '나노캠텍', '씨젠', '톱텍', '한글과컴퓨터', '진원생명과학', '우정바이오', '제일바이오', '고려제약', 'SKC', '고려아연', '케이엠제약', '휴비스', '서린바이오', '조아제약', '메디앙스', '바디텍메드', '위닉스', '남성']"
5,원격진료,"['유비케어', '비트컴퓨터', 'JW중외제약', '테라젠이텍스', 'SK케미칼', '나노엔텍', '인피니트헬스케어', '소프트센', '녹십자홀딩스', '파마리서치프로덕트', '케어랩스', '유비쿼스']"
6,수소경제,"['두산퓨얼셀', '제이엔케이히터', '동아화성']"
7,구충제,"['신풍제약', '우성사료', '제일바이오', '진바이오텍', '화일약품', '신라젠', '코오롱티슈진', '알리코제약', '조아제약', '대성미생물', '삼성전자', 'LG전자', '국일제지']"
8,양돈주,"['이지홀딩스', '선진', '이지바이오']"
9,자동화,"['오공', '웰크론']"
10,SNS,"['카카오', '인포뱅크']"
11,생체인식,"['젬백스링크', '젬백스', '슈프리마', '동운아나텍', '코렌', '해성옵틱스', '드림텍', '에프에스티', '퍼스텍', '드림시큐리티', '멜파스']"
12,키오스크,"['한네트', '씨아이테크']"
13,대북,"['남광토건', '현대로템', '스페코', '빅텍', '일신석재', '아난티', '대아티아이', '좋은사람들', '한창', '현대엘리베이터', '제룡전기', '신원', '이화전기', '재영솔루텍', '세명전기', '삼륭물산', '웹스', '자연과환경']"
14,PC,['키움증권']
15,줄기세포치료제,['파미셀']
16,기생충,"['바른손이앤에이', '바른손', '지엔코', '큐캐피탈', 'CJ', '신성통상', '모나미', 'KTH', '펄어비스', '디피씨', '카카오', '농심', '셀트리온헬스케어', '케이엠더블유', '호텔신라', '에이치엘비', '덱스터', '휴젤', '메디톡스', '셀트리온제약']"
17,희토류,"['유니온머티리얼', '혜인', '텔레필드', '상보', '노바텍', '에스모', '유니온', '티플랙스', '쎄노텍', '에코마이스터', 'LG상사', 'KC코트렐', '한국내화', 'SK증권', '알테오젠', '쌍방울', '광림', 'EG', '에스맥', '대원화성', '고려시멘트', '포스코엠텍', '태경산업']"
18,진단키트,"['씨젠', '수젠텍', '피씨엘', '휴마시스', '랩지노믹스', '바이오니아', 'EDGC', '광동제약', '코미팜', '화일약품', 'LG화학', '텔콘RF제약', '바디텍메드', '비씨월드제약', '씨티씨바이오', '엑세스바이오', '신풍제약', '오상자이엘', '일양약품', '부광약품', '파미셀', '셀트리온', '셀트리온제약', '진매트릭스', '중앙백신', '진원생명과학', '녹십자엠에스', 'MH에탄올', '한국알콜', '한양증권', '인트로메딕', '미코', '셀트리온헬스케어', '조이시티', 'SV인베스트먼트', '우노앤컴퍼니', '마크로젠', '파세코']"
19,여행,"['노랑풍선', '하나투어', '롯데관광개발', '참좋은여행', '인터파크', '세중', '유나이티드']"
20,안랩,"['써니전자', '안랩', '다믈멀티미디어', '태원물산', '오픈베이스']"
21,2차전지,"['천보', '제낙스', '피엔티', '에스씨디', '파세코', 'LG화학', '에코프로비엠', '유에스티', '디에이테크놀로지', '코스모화학', 'SK이노베이션', '두산솔루스', '이노메트리', '피앤이솔루션', '아이티엠반도체', '대보마그네틱', '에이에프더블류', '서원인텍', '파워로직스', '세방전지', '에코프로', '이엔에프테크놀로지', 'SKC', '이랜텍', '포스코케미칼', '엘앤에프', '상신이디피', '한국아트라스비엑스', '삼성증권', '삼성SDI', '동화기업', '씨아이에스', '코윈테크', '신흥에스이씨', '일진머티리얼즈', '코스모신소재', '삼성물산', 'SK하이닉스', '브이원텍', '엠플러스']"
22,방역진단,"['수젠텍', '랩지노믹스']"
23,대북정책,"['SK증권', '코오롱']"
24,비료,"['KG케미칼', '카프로', '우진비앤지', '체시스', '조비', '효성오앤비']"
25,헬스케어,"['피엔티', '에스폴리텍', '씨아이에스', '인터로조', '진원생명과학', '메타바이오메드', '뷰웍스', '바텍', '루트로닉', '오스템임플란트', '인성정보', '디오', '비트컴퓨터', '인바디', '원익', '셀루메드', '인피니트헬스케어', '휴비츠', '유비케어', '바이오니아', '세운메디칼']"
26,해저터널,"['특수건설', '동아지질', '부산산업', 'KT서브마린', '세명전기']"
27,자동차부품,"['효성첨단소재', '재영솔루텍', '아진산업', '캐스텍코리아', '인탑스', '세원', '대원산업', '티피씨글로벌', '대동금속', '동아화성', '대동기어', '일지테크', '화천기계', '우수AMS', '유니테크노', '센트랄모텍', '현대공업', '대우부품']"
28,자율주행차,"['드림텍', '칩스앤미디어', '모바일어플라이언스', '팅크웨어', '라닉스', '코리아에프티', '대성엘텍', '모트렉스', '로스웰']"
29,키즈,"['토박스코리아', '제로투세븐', '오로라', '손오공', '삼성출판사']"
30,LCD장비,"['베셀', '피엔티', '에이아이비트', '명성티엔에스', '포인트엔지니어링', '테크윙', '참엔지니어링', '케이엔제이', '디이엔티', '제우스', '디아이티', '신성이엔지', '상아프론테크', '씨앤지하이테크']"
31,LED,"['유양디앤유', '유테크', '티씨케이', '루미마이크로', '엘컴텍', '아이엘사이언스', '케이엠더블유', '우리이앤엘', '금호에이치티', '에스모', '삼진엘앤디', '서울바이오시스', '큐에스아이', '삼성전자', '루멘스', '서울반도체']"
32,세포치료제,['녹십자랩셀']
33,폭염,['파세코']
34,NAND,"['유진테크', '심텍', '유니테스트', '디엔에프', '테스', '테크윙', '피에스케이', '원익QnC', '피에스케이홀딩스', '케이씨텍', '한솔케미칼', '솔브레인홀딩스']"
35,복원,"['자연과환경', '삼호개발', '우원개발', '코엔텍', '홈센타홀딩스', '코리아에스이', '웹스']"
36,폴더블폰,"['비에이치', 'SKC', '파인테크닉스', '세경하이테크', '파인텍', '유티아이', '테이팩스', '삼성전자', '디케이티', 'KH바텍', '인터플렉스']"
37,조선기자재,"['케이프', '한국정보인증', '카페24', '유니테스트', '오션브릿지', '현진소재', '인화정공', '오리엔탈정공', '삼영엠텍', '삼영이엔씨', '비엠티', '성광벤드', '한라IMS', '태웅', '중앙오션', '하이록코리아', '에스앤더블류', '케이에스피', '대창솔루션', '태광', '조광ILI', '세진중공업', 'STX중공업', '상상인인더스트리', '대양전기공업', '한국카본', 'HSD엔진']"
38,전력설비,"['이화전기', '대원전선', '두산중공업', '한전KPS', '현대일렉트릭', '비츠로테크', '피앤씨테크', '광명전기']"
39,카지노,"['GKL', '세미콘라이트', '토비스', '파라다이스', '코텍', '강원랜드']"
40,태블릿PC,"['알에프세미', '솔루에타', '삼성SDI', '유티아이', '미래나노텍', '유아이디', '아바텍']"
41,조림사업,"['자연과환경', '선창산업', '한익스프레스', '효성오앤비', '대유에이텍', '제이씨케미칼', '성창기업지주', '이건홀딩스']"
42,시스템반도체,"['엘비세미콘', '하나마이크론', '에이디칩스', '어보브반도체', '지니틱스', '에스앤에스텍', '피에스케이', '에이디테크놀로지', 'DB하이텍', '디아이', '라닉스', '네패스', '다믈멀티미디어', '테크윙', 'SFA반도체', '테스', '테스나', '아이에이']"
43,다이오드,"['베셀', '두산솔루스', '영우디에스피', '와이엠씨', '비아트론']"
44,AI,"['에스티큐브', '옵티팜', '일양약품', '큐브앤컴퍼니', '줌인터넷', '싸이맥스', '에이디칩스', '오픈베이스', '큐렉소', '대한뉴팜', '에이프로젠제약', '로보로보', '가온미디어', '서진시스템', '케이엠더블유', '오이솔루션', '제일바이오', 'LG', '라온피플', '네패스', '로보스타', '이오테크닉스', '셀바스AI', '휴림로봇', '엠씨넥스', '삼성SDI', 'LG이노텍', 'SK하이닉스', '고영', '모비스', 'TPC', '디지탈옵틱']"
45,CNT,"['상보', '오픈베이스', '대유플러스', '엑사이엔씨']"
46,진단시약,"['씨젠', '수젠텍', '바디텍메드', '피씨엘']"
47,항공기부품,"['켄코아에어로스페이스', '하이즈항공', '이엠코리아', '한화에어로스페이스']"
48,제대혈,"['녹십자', '강스템바이오텍', '메디포스트', '세원셀론텍', '녹십자셀', '녹십자랩셀']"
49,전기차,"['LG화학', '삼기오토모티브', '성문전자', '유에스티', '센트랄모텍', '우리산업', '코스모신소재', '삼성전자', '삼성전기', '삼성SDI', '우리산업홀딩스', 'DB하이텍', '유안타증권']"
50,농업,"['대동공업', '아세아텍', '우진비앤지', '조비', '효성오앤비', 'KPX생명과학']"
51,방위산업,"['한화시스템', '웰크론', 'LIG넥스원', 'STX엔진', 'DMS', '한화', '풍산', '빅텍', '퍼스텍', '삼영이엔씨', '한국항공우주', '미래아이앤지', '한화에어로스페이스', '포메탈', '스페코']"
52,개성공단,"['인디에프', '재영솔루텍', '신원', '좋은사람들', '현대엘리베이터']"
53,장마,"['대동공업', '코엔텍', '파루', '조비']"
54,편의점,"['이마트', 'BGF리테일', '롯데지주', 'GS리테일']"
55,LCC,"['한진칼', '진에어', '제주항공', '티웨이항공', '아시아나항공', '에어부산', '티웨이홀딩스', '대한항공']"
56,처리장치,"['엔케이', '이엠코리아', '한국조선해양', '윌링스', 'STX엔진']"
57,펜벤다졸,"['신풍제약', '조아제약', '제일바이오', '알리코제약', '명문제약', '화일약품', '진바이오텍', 'SCI평가정보']"
58,신공항,"['경방', '한진', '동방선기', '영화금속', '한국선재']"
59,NFC,"['에이텍티앤', '빅텍', '에이스테크', '파트론', '한국정보통신', '유비벨록스', '코나아이', '나이스정보통신']"
60,줄기세포,"['코아스템', '에이치엘비', '네이처셀', '바이온', '프로스테믹스', '동구바이오제약', '조아제약', '우리들휴브레인', '테고사이언스', '에이치엘비생명과학', '세원셀론텍', '제일약품', '부광약품', 'SK바이오랜드', 'SK']"
61,엔터테인먼트,"['이에스에이', '바른손', '에스엠', 'CJ', '와이지엔터테인먼트', '큐로홀딩스', '아리온', '소리바다', 'SBS콘텐츠허브', '지니뮤직', '키이스트', '팬엔터테인먼트', '초록뱀', '큐브엔터', '제이콘텐트리', '에프엔씨엔터', 'NHN벅스']"
62,면역항암제,"['에이비엘바이오', '녹십자랩셀', '앱클론', '크리스탈', '이수앱지스', '셀리드', '메드팩토', '티움바이오', '큐리언트', '인콘', '에스티큐브', '유틸렉스', '엔케이맥스', '한올바이오파마']"
63,평화공원,"['자연과환경', '코리아에스이', '웰크론', '크라운해태홀딩스', '삼륭물산', '퍼스텍']"
64,창투사,"['큐캐피탈', '컴퍼니케이', '나우IB', '대성창투', 'DSC인베스트먼트', '우리기술투자', 'TS인베스트먼트', '에이티넘인베스트', '미래에셋벤처투자', 'SV인베스트먼트']"
65,면역세포치료제,"['신라젠', '제넥신', '녹십자셀']"
66,VR,"['바른손이앤에이', '덱스터', '바른손', '위지윅스튜디오', '솔트웍스', '주연테크']"
67,ASF,"['고려시멘트', '신라에스지', '파루', '우진비앤지', '체시스', '제일바이오', '씨티씨바이오', '대한뉴팜', '정다운', '코미팜', '하림', '우리손에프앤지', '이지바이오', '선진', '마니커', '진바이오텍']"
68,테마파크,"['한국종합기술', '시공테크', '현대건설', '국보디자인', '이월드']"
69,Drone,"['피씨디렉트', '제이씨현시스템', '네온테크', '기산텔레콤', '퍼스텍', '아시아경제', '뉴로스', '한화에어로스페이스', '엠씨넥스', '한국항공우주', '해성옵틱스']"
70,취업,"['메가엠디', '에스코넥', 'TS인베스트먼트', '윌비스', 'DSC인베스트먼트']"
71,네트워크통합,"['한일네트웍스', '바른테크놀로지', '오파스넷', '인성정보', '오픈베이스', '링네트']"
72,건설사,"['일성건설', '까뮤이앤씨', '삼부토건']"
73,지진,"['한국종합기술', '유엔젤', '이엑스티', '한창']"
74,가스터빈,"['삼기오토모티브', '효성첨단소재', '평화홀딩스', '미코', '국일제지', '세원', '일진다이아', '동아화성', '에코바이오', '일지테크', '대원강업', '디케이락', '에스에너지']"
75,수소차,"['에스퓨얼셀', '두산퓨얼셀', '효성중공업', '우수AMS', '우리산업', '유니크', '풍국주정', '코오롱머티리얼', '현대자동차', '효성첨단소재', '이엠코리아', '미코', '제이엔케이히터', '일진다이아', 'LG화학', '삼성SDI', '세종공업', '성창오토텍', '뉴로스', '디케이락', '지엠비코리아', '평화산업', '인지컨트롤스', '모토닉', '동아화성', '삼보모터스', '에코바이오', '한온시스템', '영화테크', '동양피스톤', '글로벌에스엠', '대우부품', '유라테크']"
76,제약업체,"['대원제약', '신풍제약', '대한뉴팜', '종근당', '녹십자웰빙', '제일약품', '일양약품', '동화약품', '대웅제약', '진양제약', '국제약품', '고려제약', '셀트리온제약', '알리코제약', '코오롱생명과학', '신신제약', '유한양행']"
77,ESS,"['상아프론테크', '피엔티', '삼화전기', '엠플러스', '에이치엘비파워', '씨아이에스', '윌링스', '삼성SDI', '신성이엔지']"
78,노인복지,"['대원제약', '인성정보', '씨유메디칼', '오스코텍', '엔지켐생명과학', '아이센스']"
79,금융자동화기기,"['케이씨티', '로지시스']"
80,스마트그리드,"['누리텔레콤', '코콤', '비츠로셀']"
81,테러,"['한화', '평화산업', '퍼스텍', '한일단조', '스페코', '국영지앤엠', '혜인', '솔트웍스', '에이스테크', '이엠코리아', '아이쓰리시스템', '포메탈', '한화에어로스페이스', '대우조선해양', '기산텔레콤']"
82,BTS,"['키이스트', '디피씨', '초록뱀', '엘비세미콘', '넷마블', '손오공', '경남제약']"
83,보툴리눔톡신,"['휴젤', '제테마', '대웅제약', '디에스케이', '메디톡스', '휴온스', '파마리서치프로덕트', '휴온스글로벌']"
84,아이폰,"['프로텍', '덕우전자', '에스맥', '덕산네오룩스', 'SK하이닉스', '넥스턴', 'LG화학', '와이엠티', '실리콘웍스', '이녹스첨단소재']"
85,슈퍼박테리아,"['레고켐바이오', '파루', '씨젠', '큐로컴', '인트론바이오', '크리스탈']"
86,뉴딜,"['화천기계', '유비케어', '모헨즈', '삼표시멘트', '메가엠디']"
87,육계,"['이지홀딩스', '마니커에프앤지', '이지바이오', '푸드나무', '하림', '체리부로', '동우팜투테이블', '팜스토리', '마니커']"
88,방역진단가축,"['명문제약', '진원생명과학', '남선알미늄', '흥구석유', '일진홀딩스', '중앙에너비스']"
89,스마트팩토리,"['카페24', 'KG모빌리언스', '라온시큐어', '소프트센', '시스웍', '이엑스티', '메가엠디', '레이언스', 'LG전자']"
90,온라인광고,"['퓨쳐스트림네트웍스', '지어소프트', '우리손에프앤지', '마이크로디지탈', '랩지노믹스']"
91,재택근무,"['인트로메딕', '알서포트', '이씨에스', '링네트']"
92,소셜네트워크서비스,"['젬백스링크', '가비아', '이루온', 'NHN벅스', '갤럭시아컴즈']"
93,바이오의약품,"['이수앱지스', '대웅제약', '한미약품', '알테오젠', '셀트리온']"
94,임플란트,"['오스테오닉', 'SK바이오랜드', '오스템임플란트', '나이벡', '레이', '덴티움', '바텍', '오스코텍']"
95,자전거,"['빅텍', '엔에스엔', '극동유화', '삼천리자전거', '로보로보']"
96,AR,"['팅크웨어', '아이엠', '이에스브이', '나노캠텍', '이랜텍', '드래곤플라이', '위지윅스튜디오', '하이비젼시스템', '대덕전자', '나무가', '이수페타시스', '심텍']"
97,수산,"['사조씨푸드', '한성기업', '사조오양', 'CJ씨푸드', '신라에스지', '사조산업', '동원수산', '사조대림']"
98,석유,"['극동유화', '흥구석유', 'SH에너지화학', '중앙에너비스', '배럴', '모토닉', 'SKC', '태광산업', '한진중공업', 'GS', 'SK이노베이션', 'KPX케미칼', '에쎈테크', '대우조선해양', '현대미포조선', 'SK가스']"
99,국가보안법,"['유니온머티리얼', '티플랙스']"
100,그래핀,"['상보', '오리엔트정공', '엘엠에스', '대창', '덕산하이메탈', '국일제지', '아난티', '덕양산업', '엑사이엔씨', '크리스탈신소재', '나노', '액션스퀘어', '이트론', '인포마크', '휴젤', '럭슬']"
101,에어컨,"['파세코', '신일전자']"
102,혈장치료,"['시노펙스', '한국유니온제약', '팬젠', '녹십자랩셀', '레몬', '에스맥', '삼성전자', '일신바이오', '바이오톡스텍', '필로시스헬스케어']"
103,손소독제,"['국제약품', '깨끗한나라', '백광산업', '한국알콜', 'MH에탄올', '파루', '창해에탄올', '유안타증권']"
104,GV80,"['만도', '현대공업']"
105,타이어,"['골든센츄리', '동아타이어', '넥센타이어', '디티알오토모티브', '넥센', '한국테크놀로지그룹', '금호타이어']"
106,휴대폰부품,"['캠시스', '파인테크닉스', '세코닉스', '디에이피']"
107,엔젤산업,"['제로투세븐', '모나미', '메디앙스', '웅진씽크빅', '캐리소프트']"
108,영화,"['바른손', '쎄니트', '바른손이앤에이', '쇼박스', '세기상사', '덱스터', '롯데쇼핑']"
109,중국기업,"['골든센츄리', '로스웰', '윙입푸드', '에스앤씨엔진그룹', '컬러레이', 'GRT', '씨케이에이치', '헝셩그룹', '크리스탈신소재', '글로벌에스엠', '오가닉티코스메틱']"
110,출산장려정책,"['제로투세븐', '락앤락', '깨끗한나라', '메디앙스', '캐리소프트', '토박스코리아', '웅진씽크빅', '삼성출판사']"
111,제지,"['깨끗한나라', '한창제지', '한솔제지', '한국제지', '신풍제지', '아세아제지', '페이퍼코리아', '국일제지', '무림페이퍼', '한솔홀딩스']"
112,차량용블랙박스,"['모바일어플라이언스', '엠씨넥스', '제이씨현시스템', '시너지이노베이션', '앤씨앤']"
113,전선,"['대원전선', '가온전선', 'KBI메탈', '대한전선', 'LS', '일진전기']"
114,가스관사업,"['대동스틸', '이엠코리아', '동양에스텍', '부국철강']"
115,제습기,"['위니아딤채', '위닉스', '삼성전자', '파세코']"
116,자원개발,"['넥스트BT', '엘컴텍', '엔케이물산', '대성산업', '삼성물산']"
117,주류업,"['창해에탄올', 'MH에탄올', '한국알콜', '진로발효', '하이트진로', '국순당', '하이트진로홀딩스', '보해양조']"
118,영상콘텐츠,"['바른손', '쇼박스', '바른손이앤에이', 'SBS', '이에스에이', '큐로홀딩스', '키이스트']"
119,전자화폐,"['다날', '세틀뱅크', 'NHN한국사이버결제', 'SBI핀테크솔루션즈', 'KG이니시스', '신세계', '한국정보통신', '카페24', '코리아센터']"
120,반일,['모나미']
121,제4이동통신,"['쏠리드', 'CS', '바른테크놀로지', '콤텍시스템']"
122,CAR,"['이에스브이', '만도', '유비벨록스', '엠씨넥스']"
123,화장품,"['넥스트BT', '오가닉티코스메틱', '슈펙스비앤피', '코썬바이오', '현대바이오', 'SK바이오랜드', '프로스테믹스', '애경산업', 'MP한강', '한국화장품', 'LG', '코스메카코리아', '아모레퍼시픽그룹', 'LG생활건강', '한국콜마', '넥스트아이']"
124,사물인터넷,"['이에스브이', '이그잭스', '유비쿼스', '엔텔스', '링네트', '오픈베이스', '에이디테크놀로지', '핸디소프트', '이아이디']"
125,LNG,"['현대미포조선', '한진중공업', '비에이치아이']"
126,SSD,"['심텍', 'SFA반도체', 'SGA', 'SK하이닉스', 'KMH하이텍', '네오셈', '하나마이크론']"
127,해운,"['KSS해운', '팬오션', '흥아해운', '대한해운', 'HMM']"
128,홈쇼핑,"['현대홈쇼핑', '롯데쇼핑', 'CJ', '태광산업', '엔에스쇼핑']"
129,밥솥,"['윌링스', '어보브반도체', 'PN풍년', '쿠쿠홀딩스']"
130,탄소배출권,"['에코바이오', '에코프로', '세종공업', '후성', '휴켐스', '이건산업', 'KC코트렐']"
131,바이러스,"['오공', '웰크론', '진양제약', '케이엠', '서린바이오', '진원생명과학', '진매트릭스', '제일바이오', '고려제약', '파루', '바이오니아']"
132,MVNO,['아이즈비전']
133,우한폐렴,"['체시스', '엑세스바이오', '웰크론', '국제약품', '케이엠', '케이엠제약', '모나리자', '오공', '아모레퍼시픽', '신세계', '호텔신라', 'LG생활건강', '우정바이오']"
134,폐기물처리,"['코엔텍', '와이엔텍', '제넨바이오', '에코마이스터', '인선이엔티']"
135,비철금속,"['국일신동', '대유플러스', '코센', '남선알미늄', '서원', '이구산업']"
136,블록체인,"['케이사인', '주연테크', '팍스넷', '드림시큐리티', '라온시큐어', '데일리블록체인', '글로스퍼랩스']"
137,도시가스,"['예스코홀딩스', '삼천리', '지에스이', '대성에너지', '한국가스공사', '대성홀딩스']"
138,캐릭터상품,"['캐리소프트', '오로라', '쌍방울', '데브시스터즈']"
139,음식료업종,"['네이처셀', '마니커에프앤지', '신송홀딩스', '미래생명자원']"
140,비트코인,"['위지트', '우리기술투자', '팍스넷', 'SGA솔루션즈', '라이브플렉스', 'NAVER', '카카오', '제이씨현시스템', '일양약품']"
141,음성인식,"['코콤', '코아시아', '블루콤', '코맥스', '파인디지털']"
142,핵융합에너지,"['비츠로테크', '에스에프에이', '두산중공업', '다원시스', '모비스']"
143,CCTV,['코콤']
144,LED장비,"['티씨케이', '프로텍', '미래컴퍼니', '한미반도체', '티에스이', '기가레인', '이오테크닉스', '네온테크', '아시아경제']"
145,백신,"['신풍제약', 'SK케미칼', '바디텍메드', '오공', '부광약품', '랩지노믹스', '바이오니아', '수젠텍', '씨젠', '파미셀', '피씨엘', '일양약품', '코미팜', '중앙백신', '제일바이오', '씨티씨바이오', '우진비앤지', '모나리자', '웰크론', '체시스', '파루', '진매트릭스', '진원생명과학']"
146,손해보험,"['흥국화재', 'DB손해보험', '메리츠화재', '코리안리', '현대해상']"
147,전자파,"['제너셈', '한미반도체', '프로텍', '켐트로닉스', '상신전자']"
148,바이오,"['이지바이오', '제일바이오', '오스테오닉', '셀트리온제약', '알테오젠', '젬백스링크', '녹십자랩셀', '레고켐바이오', '헬릭스미스', '신라젠', '키움증권']"
149,리츠,['모두투어리츠']
150,온실가스,['에코프로']
151,무선충전기술,"['켐트로닉스', '삼성전기', 'LG이노텍', '삼성전자', '한솔테크닉스', '이랜텍', '알에프텍']"
152,통신장비,"['인포마크', '알엔투테크놀로지', '머큐리', '전파기지국', '케이엠더블유', '핸디소프트', '스카이문스테크놀로지', 'CS', '오이솔루션', '루멘스', '이노와이어리스', '에이스테크', '메탈라이프', 'RFHIC', '파이오링크', '다산네트웍스']"
153,광고,"['지투알', '지어소프트', '케어랩스', '에코마케팅']"
154,FinTech,"['NAVER', '카카오', '세틀뱅크', '웹케시', '한국정보통신', '라온시큐어', '한국정보인증', '아톤', 'SGA솔루션즈', 'SK']"
155,우주항공산업,"['한화', '대한항공', '한화에어로스페이스', '퍼스텍', '한양디지텍']"
156,치매,"['젬백스', '화일약품', '진양제약', '수젠텍', '고려제약', '모나리자', '에이비엘바이오', '씨티씨바이오', '엔에스엔']"
157,FPCB,"['타이거일렉', '필옵틱스', '삼성전기', '아모그린텍', '슈펙스비앤피', '시노펙스', '스타모빌리티', '자비스', '코리아써키트']"
158,MRO,"['이크레더블', '이상네트웍스']"
159,폐렴,"['체시스', '진양제약', '바디텍메드', '대상', '삼성전자', '동진쎄미켐', '로체시스템즈', '우정바이오', '국제약품', '일신바이오', '모나리자', '서린바이오', '진원생명과학', '이글벳', '고려제약', '파루', '진매트릭스', '삼성바이오로직스', '웰크론', '강원']"
160,풍력에너지,"['씨에스윈드', '스페코', '현진소재', '우림기계', '씨에스베어링', '두산중공업', '유니슨', '한일단조', '태웅', '한국조선해양', '삼강엠앤티', '케이피에프']"
161,GTX,['현대건설']
162,소매유통,"['신세계', '다나와', 'BGF리테일', '롯데쇼핑', 'CJ']"
163,전지,"['모베이스전자', '서연', '더블유에프엠', '삼성전자', '에코프로비엠', 'LG화학', '센트랄모텍', '삼성SDI', '포스코케미칼', '아이티엠반도체', '유안타증권']"
164,음압병동,['GH신소재']
165,디스플레,"['SKC', '필옵틱스', '경인양행', '코세스', '유티아이', 'SK머티리얼즈', '루멘스', '파인텍', '덕산하이메탈', '일진디스플', '동진쎄미켐', 'LG디스플레이', '톱텍', '아이컴포넌트', 'DMS', '상보', '에스에프에이', 'PI첨단소재', '덕산네오룩스']"
166,공기청정기,"['카스', '크린앤사이언스', '위니아딤채', '삼성전자', '웰크론']"
167,페인트,"['노루홀딩스', 'AK홀딩스']"
168,광물자원개발,"['삼영엠텍', '상보', '엘컴텍', 'SH에너지화학', '한국주강', '아진산업', '티플랙스', '한국내화', '포스코엠텍']"
169,의료기기,"['멕아이씨에스', '바디텍메드', '수젠텍', '한국비엔씨', '에이치엘비파워', '인트로메딕', '아이쓰리시스템', '코디엠', '인터로조', '바텍']"
170,생명보험,"['미래에셋생명', '삼성생명', '동양생명', '코리안리', '한화생명']"
171,프린터,"['맥스로텍', '한국테크놀로지', '휴림로봇', '하이비젼시스템', 'TPC']"
172,백화점,"['대구백화점', '베뉴지', '롯데쇼핑', '신세계', '현대백화점', '광주신세계', 'CJ']"
173,화학섬유,"['코오롱머티리얼', '성안', '티케이케미칼', '대한화섬', '효성티앤씨']"
174,REITs,"['에이리츠', '롯데리츠', 'NH프라임리츠', '신한알파리츠', '이리츠코크렙']"
175,사료,"['씨티씨바이오', '우진비앤지', '미래생명자원', '대한제당', '케이씨피드', '현대사료', '사조동아원', '한일사료', '고려산업', '이지바이오', '팜스토리', '팜스코', '한탑']"
176,전기자전거,"['삼성SDI', '만도', '파워로직스', '알톤스포츠', '삼천리자전거']"
177,공작기계,"['맥스로텍', 'GV', '화천기계', '넥스턴']"
178,액화석유가스,"['SK이노베이션', '흥구석유', '극동유화', '중앙에너비스', 'S-Oil']"
179,면세점,"['호텔신라', '하나투어', '신세계', '토니모리', '글로벌텍스프리']"
180,석유화학,"['SKC', 'LG화학', '태광산업', '효성화학', '동성화학', '롯데케미칼', 'SK이노베이션', '흥구석유']"
181,수소,"['뉴로스', '제이엔케이히터', '에스퓨얼셀', '풍국주정']"
182,스마트공장,"['맥스로텍', '비엠티', '삼익THK', '스맥', '코윈테크', '링크제니시스']"
183,게임,"['위메이드', 'SNK', '플레이위드', '지어소프트', '엔씨소프트', '넥슨지티', '옴니텔', '액토즈소프트', '네오위즈', '데브시스터즈', '이에스에이', '컴투스', '한빛소프트', '조이시티', '게임빌', '바른손이앤에이', '엠게임', '와이제이엠게임즈', '골프존', '드래곤플라이', '웹젠', '조이맥스', '엔텔스']"
184,pipe,"['코센', '유에스티', '세아제강', '삼강엠앤티', '동양철관']"
185,건설기계,"['삼원테크', '프리엠스', '동일금속', '서연탑메탈', '수산중공업', '두산인프라코어', '대창단조', '디와이파워', '진성티이씨', '두산밥캣']"
186,컴퓨팅,"['인프라웨어', 'SGA솔루션즈', '엑셈', '엔텔스', '안랩', '퓨전', '젬백스링크']"
187,이동통신,"['전파기지국', '유비쿼스', '피피아이', '에이스테크', '쏠리드', '서진시스템', '이수페타시스', '이노와이어리스', '웨이브일렉트로']"
188,시스템통합,"['아이크래프트', '데이타솔루션', '정원엔시스']"
189,KIOSK,"['케이씨에스', '윈스', 'SGA솔루션즈', '한네트', '푸른기술', '케이씨티', '비티원']"
190,적층세라믹콘덴서,"['아모텍', '코스모신소재', '대주전자재료', '네온테크', '삼성전기']"
191,콘크리트,"['보광산업', '엔피케이', 'SG']"
192,삼성페,"['이그잭스', '한국정보통신', '한솔테크닉스']"
193,웰스바이오,"['피씨엘', '랩지노믹스', '씨젠']"
194,반도체,"['텔레칩스', '고려시멘트', '삼성전자', '유니테스트', 'SK하이닉스', 'SK', '네패스', '한화시스템', 'DB하이텍', '테스', '셀트리온헬스케어', '원익IPS', '케이씨텍', '동진쎄미켐', '후성', '램테크놀러지']"
195,남북경협,"['한창', '남화토건', '좋은사람들', '경농', '재영솔루텍', '일신석재', '제이에스티나', '현대로템']"
196,종합상사,"['삼성물산', '효성티앤씨', '포스코인터내셔널']"
197,원자력발전,"['대우건설', '에스앤더블류', '한전기술', '한전KPS', '보성파워텍', '하이록코리아', '비엠티', '비에이치아이', '우진', '일진파워', '우리기술', '에너토크', '한양이엔지']"
198,금강산관광,['한창']
199,태양광에너지,"['윌링스', '혜인', '티씨케이', '유니테스트', 'OCI', '한화솔루션', '이건홀딩스', '아바코', '신성이엔지', '대성파인텍', '현대에너지솔루션']"
200,종합물류관련주,"['한솔로지스틱스', '한진']"
201,광역급행철,"['현대로템', '대아티아이']"
202,액화천연가스,"['엔케이', '이더블유케이', 'HSD엔진', '팬오션', '대창솔루션', '한진중공업', '대한해운', '삼강엠앤티', '비에이치아이']"
203,인터넷은행,"['엑셈', '드림시큐리티', 'NICE평가정보', 'KG모빌리언스', 'GS리테일', 'KG이니시스', '비케이탑스', '미래테크놀로지', '이글루시큐리티']"
204,낸드,"['유진테크', '유니테스트']"
205,배출권,"['이건산업', '휴켐스', '후성', '에코프로', '유니슨', '한솔홈데코']"
206,PCB생산,"['비에이치', '디에이피', '인터플렉스', '이녹스', '이수페타시스', '슈펙스비앤피', '삼성전기', 'LG이노텍', '에이엔피', '액트', '코리아써키트', '뉴프렉스', '대덕전자']"
207,LED산업,"['금호전기', '루미마이크로', 'LG이노텍', '일진디스플', '엘디티', '서울반도체', 'GV', '루멘스', '삼성전기', '빛샘전자', '파커스']"
208,수산주,"['사조대림', 'CJ씨푸드', '동원수산', '동원산업', '신라교역', '사조오양', '사조산업']"
209,주류,"['한국알콜', '하이트진로', 'MH에탄올', '풍국주정', '진로발효', '국순당', '무학', '하이트진로홀딩스', '보해양조']"
210,정보보안,"['윈스', '안랩', '이스트소프트', '시큐브', '라온시큐어', '엑셈', '이니텍', '한컴위드', '이글루시큐리티', 'SGA']"
211,바이오시밀러,"['에이프로젠제약', '한올바이오파마', '제넥신', '이수앱지스', '큐브앤컴퍼니', '한미약품', '셀트리온']"
212,보험,"['DB손해보험', '흥국화재', '한화생명', '현대해상', '한화손해보험', '동양생명', '롯데손해보험', '메리츠화재', '코리안리', '삼성생명']"
213,농업주,"['조비', '경농', 'KG케미칼', '효성오앤비', '한탑', '성보화학', '대동공업', '이지바이오', '농우바이오', '동방아그로', '아세아텍', '남해화학']"
214,LBS관련주,"['한양디지텍', '파트론', '팅크웨어', '아이오케이', '이루온', '지어소프트', '녹원씨엔아이']"
215,태양광,"['한국테크놀로지', 'SDN', '오성첨단소재', '신성이엔지', '에스엔유', '에스에너지', 'OCI', '주성엔지니어링', '한국철강', '티씨케이', '보락']"
216,패션,"['지엔코', '신세계인터내셔날', '한섬', '신성통상', '대현', '영원무역', '메타랩스', '진도', '코데즈컴바인', '한세실업', 'LF', '인디에프', '한세엠케이', 'SG세계물산', '신원']"
217,골드선물,['고려아연']
218,연말,"['이녹스첨단소재', '삼성전기', '호텔신라', '대한항공', 'SK', '현대글로비스', 'LG생활건강']"
219,항공,"['남화토건', '아시아나항공']"
220,흑사병,"['우정바이오', '이글벳', '보령제약', '삼성제약', '신풍제약', '국제약품', '웰크론', '종근당바이오', '인트론바이오', '삼성바이오로직스']"
221,미세먼지,"['웰크론', '위닉스', '유안타증권', 'KC코트렐', '오공', '케이엠', '에스앤씨엔진그룹', '한국콜마', '명성티엔에스', '테라젠이텍스', '하츠']"
222,미래차,"['테라셈', '베셀']"
223,돼지열병,"['이글벳', '마니커', '이지바이오', '세하', '유테크', '하림', '체시스', '더블유에프엠', '씨티씨바이오', '우진비앤지', '제일바이오', '우리손에프앤지', '마니커에프앤지', '신라에스지', '삼성전자', '윙입푸드', '하림지주', '대한제당', '진바이오텍', '태경산업', '팜스토리']"
224,경협,"['한창', '아난티']"
225,닭고기,"['하림', '마니커에프앤지', '마니커', '강원', '전방', '미래생명자원', '우성사료', '한일사료', '현대사료', '체리부로']"
226,4대강,['이화공영']
227,북한,"['푸른기술', '부산산업', '에코마이스터', '유신', '한창', '아난티', '일신석재']"
228,아프리카돼지열병,"['체시스', '이글벳', '진바이오텍', '하림', '우진비앤지', '씨티씨바이오', '제일바이오', '대성미생물', '우성사료', '마니커', '대신증권', 'NH투자증권', '정다운', '마니커에프앤지', '중앙백신', '신라에스지', '우리손에프앤지']"
229,DMZ,"['이화공영', '대창스틸', '자연과환경', '코아스', '삼륭물산']"
230,탄소섬유,"['모나미', '코오롱플라스틱', '대상', '신성통상', '아진산업']"
231,로저스,"['크리스탈신소재', '솔루에타', '국일제지', '엑사이엔씨', '상보']"
232,은선물,['고려아연']
233,보안,"['DB', 'ITX엠투엠', '지란지교시큐리티', '뉴지랩']"
234,덱사메타손,"['신일제약', '한올바이오파마', '휴메딕스', '대원제약', '부광약품', 'JW중외제약', '신풍제약', '국제약품', '영진약품', '경동제약', '일성신약', '동구바이오제약', '대한뉴팜', '환인제약', '명문제약', '화일약품', '바이오톡스텍', '우리들휴브레인', '아이큐어', '휴마시스']"
235,남북철,"['푸른기술', '현대로템', '대아티아이', '빅텍', '에코마이스터', '부산산업']"
236,클로로퀸,"['일성신약', '신풍제약', '화일약품', '비씨월드제약', '크리스탈', '텔콘RF제약', 'EDGC', '씨젠', '랩지노믹스', 'WI', '진양제약']"
237,렘데시비르,"['파미셀', '뉴지랩', 'SK케미칼', '제일약품', '진원생명과학', '신풍제약', '에스티팜', '엑세스바이오', '에이프로젠제약', '바이오니아', '엔지켐생명과학', 'SK하이닉스', '부광약품', '한올바이오파마']"
238,첨생법,"['파미셀', '프로스테믹스', '홈캐스트', '엠젠플러스']"
239,이뮨메드,"['우노앤컴퍼니', 'SV인베스트먼트', '마크로젠']"
240,랄록시펜,"['대한뉴팜', '에이프로젠제약', '신풍제약']"
241,언택트,"['카카오', '비트컴퓨터', '한진중공업', '아시아나항공', '지어소프트', '유비케어', '인성정보', '인프라웨어', '라온시큐어']"
242,나파모스타트,"['뉴지랩', 'SK케미칼', '종근당', '제일약품', '파미셀', '명문제약', '제일파마홀딩스', '씨젠', 'YBM넷', '동화기업']"
243,메트포르민,"['대한뉴팜', '신풍제약', '대웅제약']"
244,애플,"['센트랄모텍', '아모그린텍', 'LG이노텍', '이녹스첨단소재', '삼성전기', '세경하이테크', 'KH바텍', '삼성증권']"
245,닭,"['하림', '마니커']"
246,수소산업,['두산퓨얼셀']
247,드론,"['네온테크', '퍼스텍', '제이씨현시스템', '한화에어로스페이스', '엠씨넥스', '피씨디렉트', '해성옵틱스', '파트론']"
248,배터리,"['SK', '삼성전자', '삼성SDI']"
249,QR코드,['아이크래프트']
250,SK케미칼,"['제일약품', 'SK케미칼']"
251,재생에너지,"['씨에스윈드', '현대에너지솔루션', '신성이엔지']"
252,삼성,"['삼성전자', 'LG화학', 'LG생활건강', '국일제지', '삼성바이오로직스']"
253,우주선,['켄코아에어로스페이스']
254,방산,"['한일단조', '스페코', '빅텍']"
255,신재생에너지,['신성이엔지']
256,괴질,"['고려제약', '명문제약', '조아제약']"
257,디지털화폐,['케이씨티']
258,그린뉴딜,"['유니슨', '비츠로테크', 'LG화학', '삼성SDI', '풍국주정', '세종공업', '에코바이오', '한온시스템', '성창오토텍', '유비쿼스', '인스코비']"
259,원격의료,"['삼성전자', '인피니트헬스케어', '솔본', '인성정보', '비트컴퓨터', '나노엔텍', '유비케어', '소프트센', '아이센스', '뷰웍스']"
260,월드컵,"['팜스토리', '이지홀딩스', '이지바이오']"
261,옵티시스,['옵티시스']
262,BLU제조,"['삼진엘앤디', '이라이콤']"
263,정유,"['GS', 'S-Oil', 'SK이노베이션']"
264,비대면,"['카카오', '다산네트웍스']"
265,양자,['우리넷']
266,대북철,['대아티아이']
267,이낙연 황교안,"['한창제지', '남선알미늄']"
268,캠핑,['라이브플렉스']
269,qr코드,"['다날', '아이크래프트', '모베이스전자']"
270,혈장치료제,"['녹십자', '에스맥', '녹십자랩셀', '레몬']"
271,노바백스,"['씨젠', '오상자이엘']"
272,하이드록시클로로퀸,"['파미셀', '신풍제약', '화일약품', '비씨월드제약']"
273,전자인증,['한국정보인증']
274,비메모리,"['삼성전자', '원익IPS', '에스앤에스텍']"
275,소독제,"['한국알콜', 'MH에탄올']"
276,분유,"['매일유업', '남양유업']"
277,클라우드,"['파이오링크', '다우기술', '더존비즈온', '다우데이타', '미래테크놀로지']"
278,온라인교육,"['SK증권', '비상교육', '아이스크림에듀', '메가스터디', '메가엠디', 'NE능률', 'YBM넷']"
279,전자서명,"['드림시큐리티', '한국정보인증', '한국전자인증', '한국정보통신']"
280,빅데이터,['오픈베이스']
281,대한항공,"['한진칼', '대한항공', '한국공항']"
282,전자결제,"['KG모빌리언스', 'KG이니시스', '다날', '인포뱅크', '유안타증권', 'SBI핀테크솔루션즈']"
283,무인기기,['한국전자금융']
284,방사광가속기,"['다원시스', '비츠로테크']"
285,경제협력,"['빅텍', '에코마이스터', '부산산업', '남광토건', '도화엔지니어링']"
286,램데시비르,"['파미셀', '진원생명과학', '씨젠', '수젠텍', '바디텍메드']"
287,유비케어,"['유비케어', '인성정보', '아이센스']"
288,건설,"['삼호개발', '성신양회', '남광토건', '보광산업', '고려시멘트']"
289,에이프로젠,['에이프로젠제약']
290,신풍제약,"['파미셀', '일성신약', '신풍제약', '화일약품', '비씨월드제약']"
291,한국정보인증,"['드림시큐리티', '아톤', '라온시큐어', '한국전자인증', '한국정보인증', '한국정보통신']"
292,비접촉,"['코리아센터', '카페24', 'KG모빌리언스']"
293,로봇,"['로보티즈', '로보스타', '휴림로봇', '로보로보']"
294,스마트워크,['더존비즈온']
295,경협주,"['SK이노베이션', '흥구석유', 'S-Oil']"
296,시멘트,"['고려시멘트', '삼표시멘트']"
297,진단키트시약,['씨젠']
298,국제유,['SK이노베이션']
299,인공호흡기,"['씨유메디칼', '멕아이씨에스']"
300,지능형전력망,"['CS', '스맥', '코콤', '한전산업', '옴니시스템']"
301,카모스타트,"['명문제약', '제일약품']"
302,Graphene,"['쎄미시스코', '대유에이피', '크리스탈신소재', '경인양행']"
303,홈네트워크,['코맥스']
304,당뇨병,['에스피시스템스']
305,무역전쟁,"['샘표식품', '샘표']"
306,원격,"['이씨에스', '링네트']"
307,친환경,['삼천리자전거']
308,코오롱,['코오롱생명과학']
309,와파,"['아이즈비전', '머큐리']"
310,공공와파,"['아이즈비전', '머큐리']"
311,원유,"['신한', '흥구석유']"
312,비대면진료,"['인피니트헬스케어', '비트컴퓨터']"
313,이버멕틴,"['제일바이오', '신풍제약', '이글벳', '우성사료']"
314,음압병실,['GH신소재']
315,콘텐츠,"['캐리소프트', '삼성출판사']"
316,LCD,['한솔테크닉스']
317,한진,"['한진칼', '한진']"
318,알콜,['풍국주정']
319,손세정제,"['MH에탄올', '수젠텍', '한국알콜', '씨젠', '창해에탄올', '랩지노믹스', '진원생명과학']"
320,세정제,"['MH에탄올', '한국알콜', '창해에탄올']"
321,한진그룹,"['한진칼', '대한항공']"
322,병실,['우정바이오']
323,진단장비,['씨젠']
324,예방,"['바이넥스', '제넨바이오']"
325,진단키드,"['피씨엘', '미코', 'EDGC', '오상자이엘', '수젠텍', '랩지노믹스', '테라젠이텍스', '엔지켐생명과학', '안트로젠', '한프', '한국테크놀로지']"
326,폐질환,['멕아이씨에스']
327,통일교,"['일신석재', '일성건설', '용평리조트', '신흥']"
328,진단,['씨젠']
329,자율주행,"['모바일어플라이언스', '에스모']"
330,김빛내리,"['테라젠이텍스', '바이오니아']"
331,인공지능,"['백광산업', '가온미디어']"
332,말라리아,['신풍제약']
333,아지트로마이신,['국제약품']
334,한타바이러스,"['코미팜', '파루']"
335,혈장,['진양제약']
336,골판지,['대림제지']
337,택배,"['동방', '한익스프레스', '대림제지', '신대양제지', '아세아제지', 'CJ대한통운', '무림페이퍼']"
338,원전,"['오르비텍', '보성파워텍', '우리기술', '에너토크']"
339,테슬라,"['SK이노베이션', '계양전기', '삼성SDI', '센트랄모텍', 'LG화학', '아모그린텍', '엠에스오토텍', '영화금속']"
340,언팩,"['비에이치', 'OCI', '한샘']"
341,Z플립,"['상보', 'KH바텍', '삼성전기', '파인테크닉스']"
342,에탄올,"['창해에탄올', 'MH에탄올', '한국알콜']"
343,친환경차,"['창해에탄올', 'MH에탄올']"
344,방역,"['이글벳', '제일바이오', '파루']"
345,중국,"['아모레퍼시픽', '신세계', '호텔신라', 'LG생활건강', '대림제지', '대양제지', '키움증권']"
346,검진키트,"['피씨엘', '진원생명과학', '바디텍메드']"
347,라텍스,['코디엠']
348,펭수,"['유엔젤', '예스24']"
349,마스크의료기기,"['웰크론', '국제약품', '케이엠', '케이엠제약', '모나리자']"
350,호흡기,"['대한뉴팜', '파루']"
351,가상화폐,"['비덴트', '우리기술투자', 'SCI평가정보', '옴니텔']"
352,무선이어폰,['삼성전자']
353,일자리,['윌비스']
354,보건위생,['진매트릭스']
355,사스,"['고려제약', '파루']"
356,위생용품,['모나리자']
357,수소연료전지차,"['평화홀딩스', '평화산업', '지엠비코리아']"
358,데이터3법,"['유니셈', '엔씨소프트', '포스코엠텍']"
359,라텍스장갑,['코디엠']
360,3법,['웹케시']
361,방탄,['키이스트']
362,OLED,"['삼성전자', 'LG전자', '파워넷', '세미콘라이트']"
363,이어폰,['아이티엠반도체']
364,아시아나항공,"['미래에셋대우', 'HDC현대산업개발', '아시아나항공', 'HDC아이콘트롤스', '아시아나IDT', '에어부산', '금호산업', '신한지주']"
365,셀트리온,"['셀트리온헬스케어', '셀트리온']"
366,구리,"['이구산업', '대창']"
367,OTT,"['이에스에이', '스튜디오드래곤']"
368,미래에셋대우,"['금호산업', '아시아나항공']"
369,금호산업,"['애경산업', '금호산업', 'AK홀딩스', '아시아나항공', 'HDC현대산업개발']"
370,의약품,"['제일바이오', '알리코제약']"
371,애경산업,"['애경산업', 'HDC현대산업개발', '아시아나항공']"
372,김철민,['제일바이오']
373,아기상어,"['토박스코리아', '삼성출판사']"
374,항공화물운송,['한진']
375,폐기물,['인선이엔티']
376,의료정보시스템,['이지케어텍']
377,페니실린,['국제약품']
378,불화수소,['SK머티리얼즈']
379,가구,"['퍼시스', '한샘', '에넥스', '현대리바트']"
380,마이크로바이옴,['코오롱생명과학']
381,개구충제,['제일바이오']
382,알츠하이머,"['젬백스', '메디프론', '아이큐어', '메디포스트', '차바이오텍', '보령제약', '대웅제약']"
383,스마트스터디,['삼성출판사']
384,갤폴드,['삼성전자']
385,완구,"['손오공', '오로라']"
386,삼성출판사,"['토박스코리아', '삼성출판사']"
387,인테리어,"['한샘', '유안타증권']"
388,암호화폐,"['비덴트', '우리기술투자', 'SCI평가정보', '옴니텔']"
389,드라마,"['제이콘텐트리', 'SBS', '스튜디오드래곤', 'CJ']"
390,가금류,"['키움증권', '체리부로', '하림', '마니커', '정다운', '마니커에프앤지']"
391,마리화,"['오성첨단소재', '뉴프라이드']"
392,현대차,"['현대건설', '태영건설']"
393,현대車,['엔씨소프트']
394,동물의약품,['이글벳']
395,돼지고기,['팜스토리']
396,알벤다졸,"['화일약품', '지엘팜텍']"
397,양돈업계,"['이지바이오', '우리손에프앤지']"
398,농기계,"['유안타증권', '다원시스']"
399,열병,"['진바이오텍', '코리아에프티', '대성엘텍']"
400,원자력,['보성파워텍']
401,대체육,"['하림', '마니커에프앤지']"
402,증강현실,"['하이비젼시스템', '대덕전자', '나무가', '이수페타시스', '심텍']"
403,양돈,['우리손에프앤지']
404,입시,"['메가엠디', '메가스터디']"
405,돈육,"['팜스토리', '우리손에프앤지']"
406,대입,['메가엠디']
407,에칭가스,['이엔에프테크놀로지']
408,일본,"['동진쎄미켐', '후성', '램테크놀러지', '삼성전자', 'SK하이닉스']"
409,韓日,"['삼성전자', 'SK하이닉스']"
410,음식료품,['크라운제과']
411,수산물,"['CJ씨푸드', '사조대림', '신라에스지', '사조오양', '한성기업', '동원수산']"
412,건강기능식품,['한미약품']
413,웹툰,"['키다리스튜디오', '대원미디어', '미스터블루', '엔씨소프트', '디앤씨미디어']"
414,3D프린터,['하이비젼시스템']
415,속옷,['쌍방울']
416,ai,"['가온미디어', '휴림로봇', 'LG']"
417,출판,['미스터블루']
418,화이트리스트,['SK머티리얼즈']
419,상업서비스,['에스원']
420,수소시장,['현대자동차']
421,건축자재,['삼표시멘트']
422,PCB,['이수페타시스']
