,3
0,"최근 6·25전쟁 70주년을 맞아 정부와 여당 안팎에서 '종전 선언' 카드가 다시 부상하고 있습니다. 지난 23일 김정은 북한 국무위원장이 대남 군사행동 '보류' 지시를 내리고, 국면 전환의 계기가 마련되자 남북 화해 분위기를 다시 띄우기 위해 속도를 내는 것으로 보입니다.  그렇다면 왜 '종전선언'일까요?   지난 25일 문재인 대통령도 '종전'을 언급했습니다. 성남 서울공항에서 열린 6·25 전쟁 70주년 기념식에서 ""전쟁 참혹함 잊지 않는 것이 종전 향한 첫걸음""이라고 강조했습니다. 문 대통령은 ""모든 이들에게 공통된 하나의 마음은, 이 땅에 두 번 다시 전쟁은 없어야 한다는 것""이라며 ""6·25전쟁을 세대와 이념을 통합하는 모두의 역사적 경험으로 만들기 위해, 이 오래된 전쟁을 끝내야 한다""고 강조했습니다. 앞서 조세영 외교부 1차관도 현지시간 24일 미국 국제전략연구소(CSIS)와 한국국제교류재단(KF)이 공동 주최한 '제5차 한·미 전략포럼' 기조연설에서 비슷한 이야기를 했습니다. 조 차관은 ""유엔사는 정전협정을 70년간 유지해 왔는데, 한국은 이에 깊이 감사하면서도, 이제는 한국이 스스로 평화와 안보를 위해 중심적인 위치에 설 시점이라고 인식하고 있다""고 말했습니다. 그러면서 ""이는 현재와 같은 정전협정 체제를 종식하고 한반도에 항구적인 평화 체제를 수립하는 것에 의해 가능할 것""이라고 덧붙였습니다. 정치권은 더 적극적입니다. 더불어민주당 김태년 원내대표는 25일 ""평화보다 소중한 가치는 없다""며 ""한반도에 반드시 평화를 실현하기 위해 한반도 종전 선언이 다시 추진돼야 한다""고 말했습니다. 그러면서 ""국회에서도 종전 선언 추진을 뒷받침하는 노력을 다하겠다""고 덧붙였습니다.  김경협 더불어민주당 의원도 한 라디오 인터뷰에서 ""종전 선언은 남·북·미·중, 그러니까 한국전쟁 4개 당사자가 동시에 함께하는 일종의 정치적 선언""이라면서, ""이를 계기로 평화체제를 본격 논의하는 단계로 들어가면 된다""고 말했습니다.  ■ 왜 이 시점에서 '종전선언'인가?  일단은 시기의 문제입니다. 2018년 4·27 판문점 선언 당시 남북은 '올해(2018년)' 안에 종전선언을 하기로 약속했습니다. 당시 시기는 빠르면 6·12 북미 정상회담, 아니면 7·27 정전협정 체결일이 거론됐습니다. 하지만 북미 간 비핵화 협상 속도가 더뎌지면서 자연스럽게 논의가 뒤로 미뤄졌습니다. 2년이 지난 지금, 6월 25일에 한국전쟁 70주년을 치렀고, 또 다가오는 7월 27일이 정전협정 체결일이기 때문에 시기적으로 '종전선언' 논의가 활발해지는 것으로 보입니다.  또 하나는 북한과의 협상 문제입니다. 북한은 2019년 2월 이른바 '하노이 노딜' 이후 2019년 4월부터 지금까지 '제재 완화'라는 요구를 하지 않고 있습니다. 북한이 '영변 핵시설' 카드까지 내놓으면서 '제재 완화'를 바랬지만, 미국이 '제재 완화'는 협상의 가장 마지막에 가서야 내어줄 거라는 확신을 갖게 됐기 때문입니다. 대신 북한은 그 이후엔 '체제 보장'을 더 강하게 요구하고 있습니다. 종전선언은 정치적 선언에 불과하지만, 북한의 '체제 보장' 논의를 시작할 수 있는 첫걸음으로 볼 수 있습니다.  마지막으로, 타이밍의 문제입니다. 북한이 '대북 전단 살포'를 명분으로 개성 남북 공동연락사무소를 폭파하는 등 긴장을 고조시켰다가 최근 김정은 위원장의 보류 선언으로 잠시 주춤한 상태인데, 이 기회를 놓치지 않으려는 겁니다. '종전선언' 카드로 사그라져가는 남북 화해 국면에 불쏘시개 역할을 하겠다는 것으로 읽힙니다. 최용환 안보전략연구원 안보전략연구실장은 ""남북 관계가 경색된 국면에서 일단 우리가 할 수 있는 걸 해보자는 취지로 이해된다""고 말했습니다.   ■ 종전선언 하게 된다면 명분과 절차는? 2년 전 남북 정상이 함께했던 4·27 판문점 선언 3조 3항을 보면 ""남과 북은 정전협정 체결 65년이 되는 올해에 종전을 선언하고 정전협정을 평화협정으로 전환하며 항구적이고 공고한 평화체제 구축을 위한 남·북·미 3자 또는 남·북·미·중 4자회담 개최를 적극적으로 추진해 나가기로 하였다.""고 했습니다. 우리 정부가 종전선언을 추진하게 된다면 이 조항을 근거로 삼게 될 것으로 보입니다. 당시에 종전선언은 남북미 3자 간에 체결될 가능성이 언급됐습니다. 이에 중국은 자신들이 참여하는 4자 종전선언을 주장했습니다. 중국은 자신들이 정전협정의 당사자로서 종전선언에 참여해야 한다고 했습니다. 이 부분에 대한 각국의 의견 수렴도 필요합니다.  ■ 종전선언의 의미와 실현 가능성은? 종전선언은 말 그대로 전쟁을 끝내는 겁나다. 일반적으론 평화 협정 체결과 함께 이뤄지는데, 그렇다고 '종전선언=평화협정'은 아닙니다. 종전선언은 정치적·상징적 성격이 강한 말 그대로 '선언'입니다. 종전선언을 해도 분단을 규정하는 '정전협정'의 지위가 그대로 유지되는 것만 봐도 알 수 있습니다.   반면, 평화협정 체결은 법적, 제도적 변화가 뒤따라 옵니다. 평화협정이 체결되면 군사정전위원회, 중립국감독위원회 등 정전협정을 구성하는 기구들이 해체되어야 합니다. 또 북한과 미국의 수교, 남북 기본협정 등도 진행돼야 합니다. 정상국가 북한의 체제를 제도적으로 보장해주는 장치가 되는 셈이죠.  평화협정 체결은 그래서 더 복잡합니다. 6·25전쟁 참전국들의 참여가 반드시 있어야 합니다.특히 미국의 참여가 중요한데, 미국은 평화협정에 서명하려면 반드시 북한의 비핵화가 선행돼야 한다는 입장입니다. 결국, 북한의 핵 문제로 다시 되돌아가는 논의구조라고 볼 수 있습니다.   평화 협정은 천천히 진행하고 종전선언부터 먼저 하자는 제안은, 북한으로선 나쁜 제안은 아닙니다. 종전선언이 법적, 강제적 명분은 없다고 하더라도, 일단 공세적인 군사 행동의 명분은 사라지기 때문입니다.즉 북한은 한미연합군사훈련과 미국 전략자산의 한반도 전개의 중단을 요구할 수 있게 됩니다.   다만 '종전선언'을 추진하더라도 한국전쟁 당사자였던 참전국, 특히 미국과의 입장 조율은 반드시 필요할 것입니다. 김경진 기자 (kjkim@kbs.co.kr)▶ ‘코로나19 팩트체크’ 제대로 알아야 이긴다▶ 우리 동네 무슨 일이? KBS지역뉴스▶ 더 빠르고 정확한 소식을 원하시면 KBS뉴스 구독!"
1,"노웅래 의원 등 통일부총리 격상 법안 발의임종석·이인영 등 차기 장관 물망 올라임종석 전 청와대 비서실장. /연합뉴스[서울경제] 노웅래 더불어민주당 의원이 전날 통일부 장관을 경제부총리, 사회부총리와 동급인 ‘통일부총리’로 격상하자는 정부조직법 개정안을 대표 발의한 가운데 통일부가 “남북관계가 그만큼 중요하다는 취지의 법안”이라는 입장을 내놓았다.여상기 통일부 대변인은 29일 정부서울청사에서 열린 정례브리핑에서 통일부 장관의 통일부총리 격상 법안에 대한 입장을 묻는 질문에 “통일부의 공식적인 입장이 있는 것은 아니다”라면서도 “남북관계가 그만큼 중요하다는 취지의 법안으로 이해하고 지켜보겠다”고 답했다.노 의원과 민주당 설훈 송영길 정청래 의원, 미래통합당 홍문표 의원 등 14명은 지난 28일 통일부 장관이 부총리 직급으로 통일 정책 관련 부처 업무를 총괄·조정할 수 있도록 하는 내용이 담긴 정부조직법 개정안을 발의했다. 남북관계가 파탄에 빠지면서 통일부 장관에 좀더 힘을 실어주자는 취지다. 지난 19일 퇴임한 김연철 전 통일부 장관은 이임사에서 “권한에 비해 짐은 너무 무거웠다”는 말을 남기기도 했다.이인영 민주당 의원. /연합뉴스통일부는 노태우 정부 시절인 1990년 부처장이 장관에서 부총리로 격상됐으나 1998년 권오기 부총리를 끝으로 장관직 부서로 환원됐다. 외환위기 속에 정부 지출을 줄여야 한다는 여론을 반영해 김대중 정부가 내린 결정이었다. 만약 이번 법안이 시행된다면 통일부총리는 22년만에 부활하게 된다.통일부 장관 자리는 북한 김여정의 남북연락사무소 폭파와 김연철 전 장관의 사퇴로 현재 공석으로 남아 있다. 차기 통일부 장관에는 임종석 전 대통령 비서실장, 이인영 민주당 의원 등의 이름이 오르내리고 있다./윤경환기자 ykh22@sedaily.com[서울경제 바로가기]▶ 네이버 채널에서 '서울경제' 구독해주세요!▶ [서울포럼 2020] 과학기술 초격차가 답이다저작권자 ⓒ 서울경제, 무단 전재 및 재배포 금지"
2,"기무라 교수 “아베, 文정부 통일정책 편견 깨야”[서울신문]문재인 대통령과 김정은 북한 국무위원장의 첫 정상회담 결실인 2018년 4·27 판문점선언은 연내 종전선언과 평화협정으로의 전환을 담았다. 사진은 평화의 집 1층에서 공동선언문에 서명한 뒤 선언문을 교환하는 문 대통령과 김 위원장.오랜 기간 한반도를 연구해 온 일본인 교수가 문재인 정부에 대해 ‘통일정책을 갖지 않은 최초의 한국 정권’이라며 아베 신조 정권은 이러한 변화를 제대로 인식해야 한국에 대한 합리적인 외교 대응이 가능할 것이라고 주장했다.기무라 간 고베대 교수(비교정치학)는 일본 최대 출판사 고단샤의 인터넷 매체 현대비즈니스에 기고한 ‘북한이 아무리 거칠게 굴어도 문재인 정권에는 타격이 되지 않는 이유’라는 글에서 “현재 일본에서는 ‘한국은 영문을 알 수 없는 나라’, ‘문재인 정권은 지리멸렬’ 등과 같은 말이 나돌며 한국의 비합리성이 크게 강조되고 있다”고 서두를 꺼냈다. 하지만, 그는 이러한 현상이 일본 측이 갖고 있는 편견에서 비롯됐을 가능성을 생각해봐야 한다고 주장했다.기무라 교수는 일본에서 한반도 전문가로 이름이 알려져 있으며 한국에서 세종연구소 객원연구원, 고려대 초빙교수 등도 지냈다. 보수우파의 시각에서 한일관계를 바라본다는 평가를 받고 있다.그는 일본이 갖고 있는 편견으로 ‘문재인 정권은 북한과의 통일을 지향하고 있을 것’이라는 인식을 꼽았다. 이어 ‘한국은 분단국가이기 때문에 당연히 통일을 향해 움직일 것’, ‘문재인 정권은 진보(혹은 좌파) 성향이어서 북한 체제에 강한 친근감을 갖고 있는 만큼 통일을 지향하고 있을 것’ 등 2개의 믿음을 이러한 편견의 이유로 제시했다.하지만, 실제 상황은 일본의 편견과 같이 단순한 양상으로 나타나고 있지 않은데, 이유는 문재인 정권이 통일의 실현을 정부의 목표로 삼아왔는지 자체가 매우 의심스럽기 때문이라고 했다.기무라 교수는 “문재인 정권 출범 당시는 북한이 핵무기와 미사일 실험을 거듭하던 때로 도널드 트럼프 미국 대통령이 당장이라도 북한에 대한 군사 행동을 시작하는 것 아니냐는 관측이 나오고 있었다”면서 “이러한 긴박한 상황에서 2017년 5월 탄생한 문재인 정권의 가장 큰 외교적 당면 목표는 긴장 완화를 위한 북한과의 대화에 맞춰질 수밖에 없었다”고 설명했다.이렇듯 출범 초기 문재인 정권의 외교적 목표는 대화 자체였기 때문에 ‘그 다음’에 대한 구체적인 계획은 갖고 있지 않았으며 이는 문재인 정권의 ‘통일정책 부재’로 귀결됐다고 했다.“민족의 비원인 통일의 해법을 간판정책 중 하나로 제시하는 게 역대 모든 한국 정권의 통례였으나 문재인 정부는 대통령 선거 과정에서도 정권 출범 직후에도 통일 실현에 대한 준비된 비전을 제시하지 않았다. 즉, 문재인 정권은 1948년 한국 정부 수립 이후 통일정책이 없는 최초의 정권이 됐다.”기무라 교수는 “일본은 문재인 정권이 북한과의 대화를 통해 통일을 포함한 뭔가 큰 것을 이루려는 것이라고 생각하기 때문에 그들이 지리멸렬하게 보이는 것”이라면서 “문재인 정권은 북한과 대화를 계속함으로써 (통일이 아닌) 한국 사회의 평화와 안정을 유지하려는 것이며, 이는 나름대로 합리적인 선택”이라고 했다.그는 “낡은 색안경을 벗고서 한국을 바라볼 때 그들은 우리에게 더 단순하고 당위성 있는 모습으로 비쳐질 것이며, 그럴 때 비로소 우리는 그들의 지향점을 파악해 합리적으로 대처하는 게 가능해질 것임에 틀림없다”고 글을 맺었다.도쿄 김태균 특파원 windsea@seoul.co.kr▶ 네이버에서 서울신문 구독하기 클릭! ▶ 세상에 이런 일이 ▶ [연예계 뒷얘기] 클릭!ⓒ 서울신문(www.seoul.co.kr), 무단전재 및 재배포금지"
3,"지난달 말 한 탈북민 단체가 전단 수십만 장, 달러 지폐, 메모리카드 등을 대형 풍선에 달아 북한으로 날려 보냈다. 이에 지난 4일 김여정 노동당 제1부부장이 “대북 전단을 조치하지 않으면 금강산-개성공업지구를 철거하고 남북 공동연락 사무소를 폐쇄하겠다”고 선언했다. 그 후 16일 북한은 남북공동 연락 사무소를 폭파했다. 이어 문재인 대통령을 조롱하는 대남 전단을 공개했다.        '전단'이 뭐길래 남북은 '전단'을 이용한 상호 공격을 멈추지 않고 있을까. 남북한 간 전단 뿌리기는 70년 전 한국전쟁 때로 거슬러 올라갈 만큼 역사가 깊다.       ━   한국 전쟁은 ‘전단’ 전쟁       남북한이 본격적으로 서로에게 전단을 뿌린 건 한국전쟁부터다. 당시 남북한이 서로에게 뿌린 전단이 약 28억장에 달했다고 한다. UN군이 뿌린 전단에는 ‘소련과 중국을 위해 북한 병사들이 죽음을 택할 필요가 있느냐’,‘북한 병사들이 전쟁터로 내몰리고 있다’는 내용이 담겼다. 이밖에 귀순회유, 투항하는 북한군 처리방법 등도 담겼다. 북한도 한국군에 전단을 뿌렸다. '전쟁 중 다친 사람을 공짜로 치료해주는 제도를 도입했다'며 한국군을 회유하는 내용도 있었다.       ━   체제 경쟁에 동원된 '전단'       한국전쟁 후 1950~70년대 중반까지 북한은 체제 우월성을 과시하는 전단을 만들어 뿌렸다. 경제적으로 남한보다 앞서가고 있었다는 이유였다. 김씨 일가 찬양이나, 월북 병사들이 관광을 즐기는 모습 등도 전단에 담겼다. 이후 한국도 경제력이 나아지자 북한처럼 체제 과시용 전단을 북한에 보냈다. '남한으로 와 보상금 1000만원을 받고, 대학 장학금까지 받았다', ‘왜 더 빨리 월남 안 했는지 후회스럽다’ 등의 탈북자 이야기가 담기기도 했다.     [자료 DMZ 박물관]       올림픽 같은 국제스포츠 행사를 열었다는 내용도 전단에 담겼다. 1988년 서울올림픽과 1986년 아시아경기대회 개최 소식이 담긴 전단에는 ‘경제적으로 발전한 국가만 이런 큰 대회를 열 수 있다’는 문구가 있다. 또 소련·중국·동독 등 공산권 국가 스케이트 선수들이 한국에서 경기를 펼쳤다는 것도 전단에 담겨 체제선전에 활용됐다. 반면 북한은 건국 경축행사에 동원된 100만 군중 사진을 전단에 싣는 등 체제선전에 열을 올렸다.       ━   연예인도 이용당한 ‘전단’전쟁       유명 연예인 얼굴도 전단에 많이 활용됐다. 북한도 한국 유명 배우들을 도용해 전단을 보내는 수법을 썼다. 한국도 연예인을 활용한 전단을 만들었다. 선정적인 사진들도 단골로 실렸다. 사진 옆에는 구체적인 귀순방법이 적혀있거나 특별보상금을 준다거나, 진학·결혼·주택 등을 보장한다는 내용도 적혀있었다.      [자료 DMZ박물관]            체제경쟁이 막을 내린 이후인 1991년, 남북기본합의서 체결과 2000년 남북 상호비방 중지 합의에 따라 전단 살포는 공식적으로 중단됐지만, 남북한 모두 비공식적으로 계속 전단을 보냈다.        2000년대 이후 북한은 한국 정치권을 비난하는 내용을 전단에 많이 실었다. 특히 김영삼·노태우·박근혜 전 대통령 등이 자주 등장했다. 심지어 대통령 얼굴을 누드 그림에 합성해 조롱하기도 했고 주한미군 사드 배치 논란과 관련해선 문재인 대통령과 트럼프 미국 대통령을 조롱하는 만화도 전단에 담았다.        대북 전단과 관련해 강동완 동아대학교 정치외교학과 교수는 “더 이상 한국엔 대남 전단이 특별한 의미가 없고, 북한도 전단이 매우 중요한 의미가 있어서 이런 (폭파)사태까지 온 것은 아니다”라며 “남북관계 경색 등을 이용하려는 의도를 갖고 (전단살포)행위 자체를 상징적인 의미로 북한이 활용하고자 하는 것 같다”고 말했다.        김태호·정희윤 기자 kim.taeho@joongang.co.kr  ▶ 그래서, 팩트가 뭐야? 궁금하면 '팩플'▶ 세상 쉬운 내 돈 관리 '그게머니'▶ 그래픽으로 다 말해주마, 그래픽텔링ⓒ중앙일보(https://joongang.co.kr), 무단 전재 및 재배포 금지"
4,[서울=뉴시스]김병문 기자 = 통일부가 북한으로 전단과 물품을 살포한 자유북한운동연합과 큰샘에 대한 법인 취소 관련 청문을 진행하는 29일 오전 서울 종로구 통일부 남북회담본부 정문에 취재진들이 대기하고 있다. 2020.06.29.dadazon@newsis.com[사진 영상 제보받습니다] 공감언론 뉴시스가 독자 여러분의 소중한 제보를 기다립니다. 뉴스 가치나 화제성이 있다고 판단되는 사진 또는 영상을 뉴시스 사진영상부(n-photo@newsis.com)로 보내주시면 적극 반영하겠습니다.<ⓒ 공감언론 뉴시스통신사. 무단전재-재배포 금지>
5,[서울=뉴시스]김병문 기자 = 통일부가 북한으로 전단과 물품을 살포한 자유북한운동연합과 큰샘에 대한 법인 취소 관련 청문을 진행하는 29일 오전 서울 종로구 통일부 남북회담본부 정문에 취재진들이 대기하고 있다. 2020.06.29.dadazon@newsis.com[사진 영상 제보받습니다] 공감언론 뉴시스가 독자 여러분의 소중한 제보를 기다립니다. 뉴스 가치나 화제성이 있다고 판단되는 사진 또는 영상을 뉴시스 사진영상부(n-photo@newsis.com)로 보내주시면 적극 반영하겠습니다.<ⓒ 공감언론 뉴시스통신사. 무단전재-재배포 금지>
6,[서울=뉴시스]김병문 기자 = 통일부가 북한으로 전단과 물품을 살포한 자유북한운동연합과 큰샘에 대한 법인 취소 관련 청문을 진행하는 29일 오전 서울 종로구 통일부 남북회담본부에 태극기와 통일부 깃발이 바람에 날리고 있다. 2020.06.29.dadazon@newsis.com[사진 영상 제보받습니다] 공감언론 뉴시스가 독자 여러분의 소중한 제보를 기다립니다. 뉴스 가치나 화제성이 있다고 판단되는 사진 또는 영상을 뉴시스 사진영상부(n-photo@newsis.com)로 보내주시면 적극 반영하겠습니다.<ⓒ 공감언론 뉴시스통신사. 무단전재-재배포 금지>
7,"부산시의회 전반기 의회 마무리와 함게 1년8개월간 활동 종료지자체 차원 남북교려협력 방안 모색[부산CBS 박중석 기자]부산시의회. (자료사진)부산시의회 남북교류협력특별위원회는 29일 제287회 정례회 2차 본회의에서 활동 결과를 보고하고 그간의 활동을 마무리했다. 시의회 남북특위는 판문점 선언 이후 지자체 차원의 남북교류협력 사업추진을 위해 지난 2018년 11월 12일 구성됐다. 신상해 의원을 위원장으로 모두 15명의 의원으로 구성된 특위는 토론회와 포럼 등을 통해 부산만의 남북교류협력 방안을 모색했다. 특히, 부산시 남북교류협력 전담 조직 신설을 통해 특위와 시, 민간단체 간의 원활한 사업추진을 위한 구심점 역할을 수했다. 올해 초, 정부의 남북교류협력과 개성공단 재가동을 촉구하는 성명을 발표하는가 하면 관련 조례 제·개정에 나섰다. 신상해 위원장은 ""남북특위는 하노이 회담 결렬 이후 북미 관계 교착과 코로나19 발생 등 대내외 불안한 정세로 주요 사업들이 실질적인 성과로 이어지지 못한 부분은 아쉬움으로 남는다""며 ""하지만, 광역의회 차원의 특위의 첫걸음은 밝은 미래에 든든한 밑거름이 될 것으로 확신한다""고 말했다. ▶ 확 달라진 노컷뉴스▶ 클릭 한 번이면 노컷뉴스 구독!▶ 보다 나은 세상, 노컷브이와 함께jspark@cbs.co.kr저작권자 © CBS 노컷뉴스 무단전재 및 재배포 금지"
8,"김경성  남북체육교류협회 이사장  최근 북한은 남북 직통전화를 단절시키고, 개성 남북공동연락사무소를 폭파시켰다. 전쟁의 위기까지 어렵게 넘어선 지금 남북관계는 다시 한번 위기를 맞고 있다. 북한의 이러한 행동은 이미 여러 차례 예고됐다. 나는 지난해 10월 중국 우한에서 열린 군인올림픽에 참가한 북한 장성급 군부로부터 우리 정부에 대한 불신과 불만이 어느 때보다 크다는 것을 들었다. 그는 ‘우리 정부가 4·27 판문점선언, 9·19 평양공동선언 등 큰 선물(정치적 성과)은 엄청 받아갔으면서도 자신(북한)들에게는 아무것도 주지 않고 허울 좋은 말잔치만 하고 있다’ ‘오죽했으면 자신(북한)들이 평양에서 무관중 경기(월드컵 예선 남북전)를 했겠냐’며 강도 높게 비난했다. 그로부터 며칠 뒤 김정은 위원장은 금강산에서 남쪽의 너덜너덜한 시설물이 꼴도 보기 싫다며 철거를 지시했다. 남북대화를 회복하려면 말이 아닌 행동으로 보여줘야 한다. 우리 정부는 9·19 평양공동선언의 잉크도 마르기 전에 한미워킹 그룹에 사인을 했다. 북한 입장에서는 이때 탄생한 개성공동연락사무소의 존재가 필요도 없었고, 실제 성과도 없었다. 오히려 다양한 민간 대화 채널까지 차단시키는 역기능만 초래했다. 남북대화는 다양한 채널에서 이뤄져야 한다. 스포츠 교류는 가장 효과적인 대화 수단이었다. 2017년 문재인 정부가 출범해 대화를 시도했지만, 북은 남북 직통전화까지 단절해 ‘불통의 시대’에 우발적인 충돌에도 확전 위험까지 있는 상황에서 6차 핵실험과 대륙간탄도미사일(ICBM) 발사를 강행했다. 전쟁 위기가 고조된 가운데서도 15년간 22번 ‘남북축구교류정기전’을 정착시킨 ‘아리스포츠컵’은 2017년 12월 중국 쿤밍에서 성공리에 진행되었고, 이 대회가 문재인 정부 최초 교류이자 2018 평창겨울올림픽에 북한 초청을 연결시킨 남북대화의 통로가 되었다. 2014년 10월, 경기도 연천에서 대북전단 살포로 인한 포격전이 발생했을 때도 아리스포츠컵은 같은 해 11월 연천에서 열렸고, 2015년 8월, 경기도 접경지 목함지뢰 사건과 대북확성기 문제로 일촉즉발 위기에서도 아리스포츠컵은 평양에서 성료되어 남북고위급 회담을 연결시켰다. 이처럼 아리스포츠컵 대회는 ‘남북 상호방문 교류 원칙’을 수립했고, 남북관계의 위기마다 남북대화를 연결하는 선봉장이 되었다. 지금 상황도 지난 시기와 다르지 않다. 우리 협회가 추진하는 아리스포츠컵 원산대회는 지금의 위기이자 코로나 위기를 돌파하고 남북대화를 잇는 기회가 될 수 있다. 2년 전 평양과 춘천을 오가며 ‘육로 교류시대’를 열었던, 남북 소년소녀들의 우정이 머지않아 북 강원도 원산에서 이어질 것이다. 2018년 11월 북한 4·25축구단 소년소녀들은 아리스포츠컵 춘천대회 환송식에서 ‘다시 만납시다’를 부르며 “원산에서 다시 만나요”를 소리 높여 외쳤다. 아리스포츠컵 원산대회는 남북 정부 간 갈등보다 코로나19가 문제다. 코로나 위기에서 벗어난다면 아리스포츠컵은 원산에서 성공적으로 열릴 것이다. 눈앞의 현상에 일희일비하지 말고, 멀리 보고 일관성 있는 대북정책을 수립해야 한다. 실적에 급급한 일회성 이벤트로 끝나는 남북교류로는 위기를 극복할 수 없다. 정부는 아리스포츠컵 같은 지속 가능한 민간교류 사업을 적극 지원하고, 정권의 성격에 따라 들쭉날쭉한 대북정책에서 벗어나 6·15 정신을 실천해야 한다.▶더불어 행복한 세상을 만드는 언론, 한겨레 구독하세요!▶네이버 뉴스판 한겨레21 구독▶2005년 이전 <한겨레> 기사 보기[ⓒ한겨레신문 : 무단전재 및 재배포 금지]"
9,"김경성  남북체육교류협회 이사장  최근 북한은 남북 직통전화를 단절시키고, 개성 남북공동연락사무소를 폭파시켰다. 전쟁의 위기까지 어렵게 넘어선 지금 남북관계는 다시 한번 위기를 맞고 있다. 북한의 이러한 행동은 이미 여러 차례 예고됐다. 나는 지난해 10월 중국 우한에서 열린 군인올림픽에 참가한 북한 장성급 군부로부터 우리 정부에 대한 불신과 불만이 어느 때보다 크다는 것을 들었다. 그는 ‘우리 정부가 4·27 판문점선언, 9·19 평양공동선언 등 큰 선물(정치적 성과)은 엄청 받아갔으면서도 자신(북한)들에게는 아무것도 주지 않고 허울 좋은 말잔치만 하고 있다’ ‘오죽했으면 자신(북한)들이 평양에서 무관중 경기(월드컵 예선 남북전)를 했겠냐’며 강도 높게 비난했다. 그로부터 며칠 뒤 김정은 위원장은 금강산에서 남쪽의 너덜너덜한 시설물이 꼴도 보기 싫다며 철거를 지시했다. 남북대화를 회복하려면 말이 아닌 행동으로 보여줘야 한다. 우리 정부는 9·19 평양공동선언의 잉크도 마르기 전에 한미워킹 그룹에 사인을 했다. 북한 입장에서는 이때 탄생한 개성공동연락사무소의 존재가 필요도 없었고, 실제 성과도 없었다. 오히려 다양한 민간 대화 채널까지 차단시키는 역기능만 초래했다. 남북대화는 다양한 채널에서 이뤄져야 한다. 스포츠 교류는 가장 효과적인 대화 수단이었다. 2017년 문재인 정부가 출범해 대화를 시도했지만, 북은 남북 직통전화까지 단절해 ‘불통의 시대’에 우발적인 충돌에도 확전 위험까지 있는 상황에서 6차 핵실험과 대륙간탄도미사일(ICBM) 발사를 강행했다. 전쟁 위기가 고조된 가운데서도 15년간 22번 ‘남북축구교류정기전’을 정착시킨 ‘아리스포츠컵’은 2017년 12월 중국 쿤밍에서 성공리에 진행되었고, 이 대회가 문재인 정부 최초 교류이자 2018 평창겨울올림픽에 북한 초청을 연결시킨 남북대화의 통로가 되었다. 2014년 10월, 경기도 연천에서 대북전단 살포로 인한 포격전이 발생했을 때도 아리스포츠컵은 같은 해 11월 연천에서 열렸고, 2015년 8월, 경기도 접경지 목함지뢰 사건과 대북확성기 문제로 일촉즉발 위기에서도 아리스포츠컵은 평양에서 성료되어 남북고위급 회담을 연결시켰다. 이처럼 아리스포츠컵 대회는 ‘남북 상호방문 교류 원칙’을 수립했고, 남북관계의 위기마다 남북대화를 연결하는 선봉장이 되었다. 지금 상황도 지난 시기와 다르지 않다. 우리 협회가 추진하는 아리스포츠컵 원산대회는 지금의 위기이자 코로나 위기를 돌파하고 남북대화를 잇는 기회가 될 수 있다. 2년 전 평양과 춘천을 오가며 ‘육로 교류시대’를 열었던, 남북 소년소녀들의 우정이 머지않아 북 강원도 원산에서 이어질 것이다. 2018년 11월 북한 4·25축구단 소년소녀들은 아리스포츠컵 춘천대회 환송식에서 ‘다시 만납시다’를 부르며 “원산에서 다시 만나요”를 소리 높여 외쳤다. 아리스포츠컵 원산대회는 남북 정부 간 갈등보다 코로나19가 문제다. 코로나 위기에서 벗어난다면 아리스포츠컵은 원산에서 성공적으로 열릴 것이다. 눈앞의 현상에 일희일비하지 말고, 멀리 보고 일관성 있는 대북정책을 수립해야 한다. 실적에 급급한 일회성 이벤트로 끝나는 남북교류로는 위기를 극복할 수 없다. 정부는 아리스포츠컵 같은 지속 가능한 민간교류 사업을 적극 지원하고, 정권의 성격에 따라 들쭉날쭉한 대북정책에서 벗어나 6·15 정신을 실천해야 한다.▶더불어 행복한 세상을 만드는 언론, 한겨레 구독하세요!▶네이버 뉴스판 한겨레21 구독▶2005년 이전 <한겨레> 기사 보기[ⓒ한겨레신문 : 무단전재 및 재배포 금지]"
10,"한-스위스 대통령, 26일 35분간 '정상 통화'좀마루가 대통령 ""남북대화 지원 의지 있어""""백신과 치료제, 모든 나라가 접근권 가져야""  [서울=뉴시스]문재인 대통령이 26일 오후 청와대 여민관에서 시모네타 소마루가 스위스 대통령과 전화 통화하고 있다.(사진=청와대 제공) 2020.06.26. photo@newsis.com <저작권자ⓒ 공감언론 뉴시스통신사. 무단전재-재배포 금지.> /사진=뉴시스화상  [파이낸셜뉴스] 문재인 대통령은 26일 시모네타 좀마루가 스위스 대통령과 통화를 하고 신종 코로나바이러스 감염증(코로나19) 대응 및 한반도 평화프로세스 등에 대해 의견을 교환했다.   문 대통령은 이날 좀마루가 스위스 대통령의 요청으로 오후 5시부터 35분간 전화 통화를 했다고 강민석 청와대 대변인은 서면브리핑을 통해 밝혔다.   좀마루가 대통령은 ""한국 정부가 코로나19 사태에 성공적으로 대응해 확진자를 감소시킨 것을 축하드린다""며 ""한국의 대응에서 많은 것을 배울 수 있었다""고 평가했다.   이에 문 대통령은 2월말에서 3월초 한국이 국내 신규감염 증가로 어려움을 겪던 시기에 스위스측이 코로나19 검사를 위한 유전자 추출 자동화 시약을 적시에 공급해 한국내 코로나19 초동대응에 큰 도움을 준 데 대해 감사의 뜻을 전했다.   그러면서 ""대통령께서 6월초 글로벌 백신 정상회의에서 백신의 연구개발, 생산 및 공정한 배분의 중요성을 강조한 것으로 알고 있는데, 백신과 치료제는 누가 개발하든 온 인류를 위한 공공재인 만큼 모든 나라가 공정한 접근권을 가져야한다""고 공감을 표했다.   좀마루가 대통령도 ""백신 및 치료제의 공평한 분배에 대한 생각이 완전히 일치해 매우 기쁘다""면서 ""백신 및 치료제는 개발도 중요하지만 모두에게 접근권이 필요하다""고 강조했다.   문 대통령은 또 ""서울에 본부를 두고 있는 국제백신연구소는 세계적 수준의 백신 개발 및 분배 연구역량은 갖추고 있는 세계 유일의 국제기구""라며 스위스측의 적극적인 참여를 요청했다. 좀마루가 대통령은 ""요청하신 사항에 대해 검토한 후 곧 답변을 드리겠다""고 화답했다.   두 정상은 한반도 평화프로세스에 대해서도 논의했다.   좀마루가 대통령은 ""최근 한반도 긴장 고조 상황을 예의주시하고 있다""며 ""대통령님의 남북대화 의지를 높이 평가한다""고 말했다.   이어 ""스위스는 남북대화를 지원할 의지가 있고, 지속적으로 한국의 한반도 평화프로세스를 지지한다""고 했다.   문 대통령은 ""그간 스위스 정부가 중립국 감독위원회 일원으로 한반도 평화 안정에 기여해 왔으며, 또한 북한 취약계층에 대한 인도적 지원을 지속해 온 노력을 평가한다""며 ""한반도 평화 프로세스에 지지말씀을 해 주셔서 감사하고, 앞으로도 스위스와 계속 소통하면서 협력해 나가고자 한다""고 기대했다.    fnkhy@fnnews.com 김호연 기자   ▶ 헉! 소리나는 스!토리 뉴스 [헉스]▶ '아는 척'하고 싶은 당신을 위한 [두유노우]  ※ 저작권자 ⓒ 파이낸셜뉴스. 무단 전재-재배포 금지"
11,"첫 6·25 행사 참석…보훈ㆍ평화 등 강조“전쟁 끝내는 노력, 北도 담대하게 나서야”“강한 국방력…어떤 도발도 용납 않겠다”문재인 대통령이 25일 서울공항에서 열린 6·25전쟁 70주년 행사에서 기념사를 하고 있다. [연합][헤럴드경제=강문규 기자] 문재인 대통령은 6·25전쟁 70주년을 맞은 25일 “우리는 끊임없이 평화를 통해 남북 상생의 길을 찾아낼 것”이라고 말했다.문 대통령은 이날 오후 8시 20분 경기도 성남 서울공항 격납고에서 열린 6·25전쟁 제70주년 행사에 참석, 기념사를 통해 “통일을 말하기 이전에 먼저 사이좋은 이웃이 되길 바란다”며 이같이 밝혔다.문 대통령은 “통일을 말하려면 먼저 평화를 이뤄야 하고, 평화가 오래 이어진 후에야 비로소 통일의 문을 볼 수 있을 것”이라며 “남북의 화해와 평화가 전 세계에 희망으로 전해질 때, 호국영령들의 숭고한 희생에 진정으로 보답하게 될 것이라 믿는다”고 했다.그러면서 “세계사에서 가장 슬픈 전쟁을 끝내기 위한 노력에 북한도 담대하게 나서주길 바란다”며 “남과 북, 온 겨레가 겪은 전쟁의 비극이 후세들에게 공동의 기억으로 전해져 평화를 열어가는 힘이 되길 기원한다”고 했다.문 대통령은 남한의 GDP는 북한의 50배가 넘고, 무역액은 북한의 400배를 넘는다고 언급하면서 “남북 간 체제경쟁은 이미 오래전에 끝났다”고 했다. 아울러 “우리의 체제를 북한에 강요할 생각도 없다”며 “우리는 평화를 추구하며, 함께 잘 살고자 한다”고 했다.문 대통령은 강한 국방력을 강조하면서 어떠한 도발도 용납하지 않겠다는 뜻을 밝혔다. 이어 “이제 국민이 지켜낸 대한민국은 국민을 지켜낼 만큼 강해졌다”며 “평화를 만들어낼 만큼 강한 힘과 정신을 가졌고, 우리 군은 어떤 위협도 막아낼 힘이 있다”고 했다. 문 대통령은 6·25전쟁을 ‘아직 끝나지 않은 전쟁’이라고 규정하면서 “아직 우리는 6·25전쟁을 진정으로 기념할 수 없다”며 “지금 이 순간에도 전쟁의 위협은 계속되고, 우리는 눈에 보이는 위협뿐 아니라 우리 내부의 보이지 않는 반목과도 전쟁을 치르고 있다”고 말했다.아울러 “모든 이들에게 공통된 하나의 마음은, 이 땅에 두번 다시 전쟁은 없어야 한다는 것”이라며 “우리는 6·25전쟁을 세대와 이념을 통합하는 모두의 역사적 경험으로 만들기 위해, 이 오래된 전쟁을 끝내야 한다”고 거듭 밝혔다.문재인 대통령과 부인 김정숙 여사가 25일 서울공항에서 열린 6·25전쟁 70주년 행사에서 유족과 함께 분향하고 있다. [연합] 〈다음은 문재인 대통령 ‘6·25전쟁 제70주년 기념사’ 전문〉존경하는 국민 여러분, 참전유공자와 유가족 여러분, 우리는 오늘 6·25전쟁 70주년을 맞아, 백마흔일곱 분 용사의 유해를 모셨습니다.서울공항은 영웅들의 귀환을 환영하는 가장 엄숙한 자리가 되었습니다.용사들은 이제야 대한민국 국군의 계급장을 되찾고, 70년 만에 우리 곁으로 돌아왔습니다.슬프고도 자랑스런 일입니다.지체되었지만, 조국은 단 한 순간도 당신들을 잊지 않았습니다.예우를 다해 모실 수 있어 영광입니다.오늘 우리가 모신 영웅들 중에는 이미 신원이 밝혀진 일곱 분이 계십니다.모두 함경남도의 장진호 전투에서 산화하신 분들입니다.고 김동성 일병, 고 김정용 일병, 고 박진실 일병, 고 정재술 일병, 고 최재익 일병, 고 하진호 일병, 고 오대영 이등중사의 이름을 역사에 새겨넣겠습니다.가족의 품에서 편히 쉬시길 기원합니다.참전용사 한분 한분의 헌신이 우리의 자유와 평화, 번영의 기반이 되었습니다.그리움과 슬픔을 자긍심으로 견뎌온 유가족께 깊은 존경과 위로의 말씀을 드리며, 전우를 애타게 기다려온 생존 참전용사들께 경의를 표합니다.정부는 국민과 함께 호국의 영웅들을 영원히 기억할 것입니다.아직 우리 곁으로 돌아오지 못한 12만3천 전사자들이 가족의 품으로 돌아오는 그날까지 포기하지 않고 찾아낼 것입니다.우리 정부는 그동안 5천여 명의 참전용사들에게 미처 전달하지 못한 훈장을 수여했고, 생활조정수당을 비롯해 무공명예수당과 참전명예수당, 전몰용사 자녀수당을 대폭 인상했습니다.참전용사와 유가족들의 예우에 계속해서 최선을 다하겠습니다.오늘 영현단에는 우리가 찾아내어 미국으로 보내드릴 미군 전사자 여섯 분의 유해도 함께하고 있습니다.우리 국민들은 미국을 비롯한 22개국 유엔 참전용사들의 희생을 결코 잊지 않을 것입니다.워싱턴 ‘추모의 벽’을 2022년까지 완공하여 ‘위대한 동맹’이 참전용사들의 숭고한 희생 위에 뿌리내리고 있다는 사실을 영원히 기리겠습니다.제가 해외순방 중 만난 유엔 참전용사들은 한결같이 한국을 제2의 고향으로 여기며, 우리의 발전에 자기 일처럼 큰 기쁨과 자부심을 지니고 있었습니다.미국, 프랑스, 뉴질랜드, 노르웨이, 스웨덴 참전용사들께 국민을 대표해 감사와 존경의 마음을 전했고, 태국 참전용사들께는 ‘평화의 사도 메달’을 달아드렸습니다.보훈에는 국경이 없습니다.유엔참전국과 함께 하는 다양한 보훈사업을 통해 용사들의 숭고한 희생을 기억하고 기리겠습니다.6·25전쟁 70주년을 맞아, 뜻깊은 영상 메시지를 보내주신 유엔참전국 정상들과 오늘 행사에 함께해주신 각국 대사들께도 깊이 감사드립니다.국민 여러분, 6·25전쟁은 오늘의 우리를 만든 전쟁입니다.전쟁이 가져온 비극도, 전쟁을 이겨낸 의지도, 전쟁을 딛고 이룩한 경제성장의 자부심과 전쟁이 남긴 이념적 상처 모두 우리의 삶과 마음속에 고스란히 살아있습니다.70년이 흘렀지만, 그대로 우리의 모습이 되었습니다.우리는 전쟁의 참화에 함께 맞서고 이겨내며 진정한 대한민국 국민으로 거듭났습니다.국난 앞에서 단합했고, 자유민주주의의 가치를 지킬 힘을 길렀습니다.‘가장 평범한 사람’을 ‘가장 위대한 애국자’로 만든 것도 6·25전쟁입니다.농사를 짓다 말고, 학기를 다 마치지도 못하고, 가족을 집에 남겨두고 떠난 우리의 이웃들이 낙동강 전선을 지키고 서울을 수복한 영웅이 되었습니다.국가의 존재가치를 체감하며 애국심이 고양되었고, 평화의 소중함을 자각하게 되었습니다.어떤 난관도 극복할 수 있는 자신감의 원천도 6·25전쟁이었습니다.참전용사들은 전쟁을 이겨낸 자부심과 군에서 익힌 기술로 전후 재건의 주축이 되었습니다.전장에서 쓰러져간 전우들의 몫까지 대한민국을 사랑했고, 이웃과 가족들의 긍지가 되었습니다.그러나 아직 우리는 6·25전쟁을 진정으로 기념할 수 없습니다.아직 전쟁이 끝나지 않았기 때문입니다.지금 이 순간에도 전쟁의 위협은 계속되고, 우리는 눈에 보이는 위협뿐 아니라 우리 내부의 보이지 않는 반목과도 전쟁을 치르고 있습니다.우리는 모두 참전용사의 딸이고, 피난민의 아들입니다.전쟁은 국토 곳곳에 상흔을 남기며, 아직도 한 개인의 삶과 한 가족의 역사에 고스란히 살아있습니다.그것은 투철한 반공정신으로, 우리도 잘 살아보자는 근면함으로, 국민주권과 민주주의 정신으로 다양하게 표출되었습니다.그러나 모든 이들에게 공통된 하나의 마음은, 이 땅에 두번 다시 전쟁은 없어야 한다는 것입니다.자신이 살아가는 시대와 함께 자신의 모든 것을 헌신한 사람들은 서로를 존중하며 손잡을 수 있습니다.우리는 6·25전쟁을 세대와 이념을 통합하는 모두의 역사적 경험으로 만들기 위해, 이 오래된 전쟁을 끝내야 합니다.전쟁의 참혹함을 잊지 않는 것이 ‘종전’을 향한 첫걸음입니다.70년 전 이 땅의 자유와 평화를 위해 목숨 바친 유엔 참전용사들과 평화를 사랑하는 세계인 모두의 염원이기도 합니다.1950년 6월 25일, 유엔 안전보장이사회는 전쟁 발발 10시간 만에 결의문을 채택해 ‘북한군의 침략 중지와 38도선 이북으로의 철수’를 촉구하고, 한반도의 평화와 안전의 회복을 위해 역사상 최초의 ‘유엔 집단안보’를 발동했습니다.세계가 함께 고귀한 희생을 치렀습니다.지금 우리에게 필요한 것은 오늘의 자유와 평화, 번영의 뿌리가 된 수많은 희생에 대한 기억과 우리 자신에 대한 자부심입니다.독립선열의 정신이 호국영령의 정신으로 이어져 다시 민주주의를 지켜내는 거대한 정신이 되었듯, 6·25전쟁에서 실천한 애국과 가슴에 담은 자유민주주의를 평화와 번영의 동력으로 되살려내야 합니다.그것이 진정으로 전쟁을 기념하는 길입니다.국민 여러분, 6·25전쟁으로 국군 13만8천 명이 전사했습니다.45만 명이 부상당했고, 2만5천 명이 실종되었습니다.100만 명에 달하는 민간인이 사망, 학살, 부상으로 희생되었습니다.10만 명의 아이들이 고아가 되었으며, 320만 명이 고향을 떠나고, 천만 명의 국민이 이산의 고통을 겪어야 했습니다.전쟁에서 자유로울 수 있는 사람은 단 한 명도 없었습니다.민주주의가 후퇴했고, 경제적으로도 참혹한 피해를 안겼습니다.산업시설의 80%가 파괴되었고, 당시 2년 치 국민소득에 달하는 재산이 잿더미가 되었습니다.사회경제의 기반과 국민의 삶의 터전이 무너졌습니다.전쟁이 끝난 후에도 남과 북은 긴 세월 냉전의 최전방에서 맞서며 국력을 소모해야만 했습니다.우리 민족이 전쟁의 아픔을 겪는 동안, 오히려 전쟁특수를 누린 나라들도 있었습니다.그러나 우리에게 전후 경제의 재건은 식민지배에서 벗어나는 것만큼이나 험난한 길이었습니다.처음에는 원조에 의존해 복구와 재건에 힘썼고 경공업, 중화학공업, ICT산업을 차례로 육성하며, 선진국을 따라잡기까지 꼬박 70년이 걸렸습니다.6·25전쟁을 극복한 세대에 의해 우리는 ‘한강의 기적’을 이뤘습니다.전쟁이 끝난 1953년 1인당 국민소득 67불에 불과했던 대한민국이 폐허에서 일어나 국민소득 3만 불이 넘는 세계 10위권 경제 강국으로 발전했습니다.원조를 받던 나라에서 원조를 주는 나라가 되었고, 추격형 경제에서 선도형 경제로 탈바꿈하고 있습니다.코로나 극복 과정에서 세계가 주목하는 나라가 되었습니다.이제 국민이 지켜낸 대한민국은 국민을 지켜낼 만큼 강해졌습니다.평화를 만들어낼 만큼 강한 힘과 정신을 가졌습니다.우리 군은 어떤 위협도 막아낼 힘이 있습니다.철저한 대비태세를 갖추고 있으며 우리는 두 번 다시 단 한 뼘의 영토, 영해, 영공도 침탈당하지 않을 것입니다.우리는 평화를 원합니다.그러나 누구라도 우리 국민의 안전과 생명을 위협한다면 단호히 대응할 것입니다.우리는 전방위적으로 어떤 도발도 용납하지 않을 강한 국방력을 보유하고 있습니다.굳건한 한미동맹 위에서 전시작전통제권의 전환도 빈틈없이 준비하고 있습니다.우리는 우리 자신의 힘을 바탕으로 반드시 평화를 지키고 만들어갈 것입니다.존경하는 국민 여러분, 참전유공자와 유가족 여러분, 우리는 전쟁을 반대합니다.우리의 GDP는 북한의 50배가 넘고, 무역액은 북한의 400배를 넘습니다.남북 간 체제경쟁은 이미 오래전에 끝났습니다.우리의 체제를 북한에 강요할 생각도 없습니다.우리는 평화를 추구하며, 함께 잘 살고자 합니다.우리는 끊임없이 평화를 통해 남북 상생의 길을 찾아낼 것입니다.통일을 말하기 이전에 먼저 사이좋은 이웃이 되길 바랍니다.우리는 전쟁을 치르면서도 초·중등 ‘피난학교’를 세웠고, 여러 지역에서 ‘전시연합대학’을 운영했습니다.우리는 미래를 준비했고, 평화를 지키는 힘을 기르며 아무도 넘볼 수 없는 나라를 만들었습니다.이제 우리의 아들과 딸들은 ‘포스트 코로나’ 시대를 남보다 앞서 준비하며, 세계를 선도하는 대한민국의 주인공이 되었습니다.전쟁을 겪은 부모세대와 새로운 70년을 열어갈 후세들 모두에게 평화와 번영의 한반도는 반드시 이뤄야 할 책무입니다.8,000만 겨레 모두의 숙원입니다.세계사에서 가장 슬픈 전쟁을 끝내기 위한 노력에 북한도 담대하게 나서주길 바랍니다.남과 북, 온 겨레가 겪은 전쟁의 비극이 후세들에게 공동의 기억으로 전해져 평화를 열어가는 힘이 되길 기원합니다.통일을 말하려면 먼저 평화를 이뤄야 하고,평화가 오래 이어진 후에야 비로소 통일의 문을 볼 수 있을 것입니다.남북의 화해와 평화가 전 세계에 희망으로 전해질 때, 호국영령들의 숭고한 희생에 진정으로 보답하게 될 것이라 믿습니다.mkkang@heraldcorp.com▶[디;콘] 여론조사를 조사하다!▶채널 구독하면 LED마스크, 공기청정기가 내손에 ▶농수축산물 소비캠페인 - Copyrights ⓒ 헤럴드경제 & heraldbiz.com, 무단 전재 및 재배포 금지 -"
12,"문재인 대통령은 25일 경기도 성남시 서울공항 격납고에서 열린 6·25전쟁 70주년 기념식에 참석, 기념사를 통해 ""남북 간 체제경쟁은 이미 오래전에 끝났다""고 밝혔다. /청와대 제공""우리 체제 강요 생각 없어…北, 전쟁 종료 노력 나서달라""[더팩트ㅣ청와대=신진환 기자] 문재인 대통령은 25일 ""세계사에서 가장 슬픈 전쟁을 끝내기 위한 노력에 북한도 담대하게 나서주길 바란다""고 밝혔다.문 대통령은 이날 오후 경기도 성남시 서울공항 격납고에서 열린 6·25전쟁 70주년 기념식에 참석, 기념사를 통해 ""전쟁을 겪은 부모세대와 새로운 70년을 열어갈 후세들 모두에게 평화와 번영의 한반도는 반드시 이뤄야 할 책무이다. 8000만 겨레 모두의 숙원""이라며 이같이 말했다.문 대통령은 남북 간 국내총생산(GDP)와 무역액 차이를 언급하며 ""우리는 전쟁을 반대한다. 남북 간 체제경쟁은 이미 오래 전에 끝났고, 우리 체제를 북한에 강요할 생각도 없다""라며 ""우리는 평화를 추구하며 함께 잘 살고자 한다""고 강조했다.그러면서 ""우리는 끊임없이 평화를 통해 남북 상생의 길을 찾아낼 것""이라며 ""통일을 말하기 이전에 먼저 사이좋은 이웃이 되길 바란다""고 덧붙였다.다음은 문 대통령 기념사 전문.존경하는 국민 여러분, 참전유공자와 유가족 여러분,우리는 오늘 6·25전쟁 70주년을 맞아, 백마흔일곱 분 용사의 유해를 모셨습니다. 서울공항은 영웅들의 귀환을 환영하는 가장 엄숙한 자리가 되었습니다.용사들은 이제야 대한민국 국군의 계급장을 되찾고, 70년 만에 우리 곁으로 돌아왔습니다.슬프고도 자랑스런 일입니다. 지체되었지만, 조국은 단 한 순간도 당신들을 잊지 않았습니다. 예우를 다해 모실 수 있어 영광입니다.오늘 우리가 모신 영웅들 중에는 이미 신원이 밝혀진 일곱 분이 계십니다. 모두 함경남도의 장진호 전투에서 산화하신 분들입니다.고 김동성 일병, 고 김정용 일병, 고 박진실 일병, 고 정재술 일병, 고 최재익 일병, 고 하진호 일병, 고 오대영 이등중사의 이름을 역사에 새겨넣겠습니다. 가족의 품에서 편히 쉬시길 기원합니다.참전용사 한분 한분의 헌신이 우리의 자유와 평화, 번영의 기반이 되었습니다. 그리움과 슬픔을 자긍심으로 견뎌온 유가족께 깊은 존경과 위로의 말씀을 드리며, 전우를 애타게 기다려온 생존 참전용사들께 경의를 표합니다.정부는 국민과 함께 호국의 영웅들을 영원히 기억할 것입니다. 아직 우리 곁으로 돌아오지 못한 12만3천 전사자들이 가족의 품으로 돌아오는 그날까지 포기하지 않고 찾아낼 것입니다.우리 정부는 그동안 5천여 명의 참전용사들에게 미처 전달하지 못한 훈장을 수여했고, 생활조정수당을 비롯해 무공명예수당과 참전명예수당, 전몰용사 자녀수당을 대폭 인상했습니다. 참전용사와 유가족들의 예우에 계속해서 최선을 다하겠습니다.오늘 영현단에는 우리가 찾아내어 미국으로 보내드릴 미군 전사자 여섯 분의 유해도 함께하고 있습니다. 우리 국민들은 미국을 비롯한 22개국 유엔 참전용사들의 희생을 결코 잊지 않을 것입니다.워싱턴 ‘추모의 벽’을 2022년까지 완공하여 '위대한 동맹'이 참전용사들의 숭고한 희생 위에 뿌리내리고 있다는 사실을 영원히 기리겠습니다.제가 해외순방 중 만난 유엔 참전용사들은 한결같이 한국을 제2의 고향으로 여기며, 우리의 발전에 자기 일처럼 큰 기쁨과 자부심을 지니고 있었습니다. 미국, 프랑스, 뉴질랜드, 노르웨이, 스웨덴 참전용사들께 국민을 대표해 감사와 존경의 마음을 전했고, 태국 참전용사들께는 ‘평화의 사도 메달’을 달아드렸습니다.보훈에는 국경이 없습니다. 유엔참전국과 함께 하는 다양한 보훈사업을 통해 용사들의 숭고한 희생을 기억하고 기리겠습니다. 6·25전쟁 70주년을 맞아, 뜻깊은 영상 메시지를 보내주신 유엔참전국 정상들과 오늘 행사에 함께해주신 각국 대사들께도 깊이 감사드립니다.국민 여러분,6·25전쟁은 오늘의 우리를 만든 전쟁입니다. 전쟁이 가져온 비극도, 전쟁을 이겨낸 의지도, 전쟁을 딛고 이룩한 경제성장의 자부심과 전쟁이 남긴 이념적 상처 모두 우리의 삶과 마음속에 고스란히 살아있습니다. 70년이 흘렀지만, 그대로 우리의 모습이 되었습니다.우리는 전쟁의 참화에 함께 맞서고 이겨내며 진정한 대한민국 국민으로 거듭났습니다. 국난 앞에서 단합했고, 자유민주주의의 가치를 지킬 힘을 길렀습니다.'가장 평범한 사람'을 '가장 위대한 애국자'로 만든 것도 6·25전쟁입니다. 농사를 짓다 말고, 학기를 다 마치지도 못하고, 가족을 집에 남겨두고 떠난 우리의 이웃들이 낙동강 전선을 지키고 서울을 수복한 영웅이 되었습니다. 국가의 존재가치를 체감하며 애국심이 고양되었고, 평화의 소중함을 자각하게 되었습니다.어떤 난관도 극복할 수 있는 자신감의 원천도 6·25전쟁이었습니다. 참전용사들은 전쟁을 이겨낸 자부심과 군에서 익힌 기술로 전후 재건의 주축이 되었습니다. 전장에서 쓰러져간 전우들의 몫까지 대한민국을 사랑했고, 이웃과 가족들의 긍지가 되었습니다.그러나 아직 우리는 6·25전쟁을 진정으로 기념할 수 없습니다. 아직 전쟁이 끝나지 않았기 때문입니다. 지금 이 순간에도 전쟁의 위협은 계속되고, 우리는 눈에 보이는 위협뿐 아니라 우리 내부의 보이지 않는 반목과도 전쟁을 치르고 있습니다.우리는 모두 참전용사의 딸이고, 피난민의 아들입니다. 전쟁은 국토 곳곳에 상흔을 남기며, 아직도 한 개인의 삶과 한 가족의 역사에 고스란히 살아있습니다. 그것은 투철한 반공정신으로, 우리도 잘 살아보자는 근면함으로, 국민주권과 민주주의 정신으로 다양하게 표출되었습니다.그러나 모든 이들에게 공통된 하나의 마음은, 이 땅에 두번 다시 전쟁은 없어야 한다는 것입니다. 자신이 살아가는 시대와 함께 자신의 모든 것을 헌신한 사람들은 서로를 존중하며 손잡을 수 있습니다. 우리는 6·25전쟁을 세대와 이념을 통합하는 모두의 역사적 경험으로 만들기 위해, 이 오래된 전쟁을 끝내야 합니다.전쟁의 참혹함을 잊지 않는 것이 '종전'을 향한 첫걸음입니다. 70년 전 이 땅의 자유와 평화를 위해 목숨 바친 유엔 참전용사들과 평화를 사랑하는 세계인 모두의 염원이기도 합니다.1950년 6월 25일, 유엔 안전보장이사회는 전쟁 발발 10시간 만에 결의문을 채택해 '북한군의 침략 중지와 38도선 이북으로의 철수'를 촉구하고, 한반도의 평화와 안전의 회복을 위해 역사상 최초의 ‘유엔 집단안보’를 발동했습니다. 세계가 함께 고귀한 희생을 치렀습니다.지금 우리에게 필요한 것은 오늘의 자유와 평화, 번영의 뿌리가 된 수많은 희생에 대한 기억과 우리 자신에 대한 자부심입니다. 독립선열의 정신이 호국영령의 정신으로 이어져 다시 민주주의를 지켜내는 거대한 정신이 되었듯, 6·25전쟁에서 실천한 애국과 가슴에 담은 자유민주주의를 평화와 번영의 동력으로 되살려내야 합니다. 그것이 진정으로 전쟁을 기념하는 길입니다.국민 여러분,6·25전쟁으로 국군 13만8천 명이 전사했습니다. 45만 명이 부상당했고, 2만5천 명이 실종되었습니다. 100만 명에 달하는 민간인이 사망, 학살, 부상으로 희생되었습니다. 10만 명의 아이들이 고아가 되었으며, 320만 명이 고향을 떠나고, 천만 명의 국민이 이산의 고통을 겪어야 했습니다.전쟁에서 자유로울 수 있는 사람은 단 한 명도 없었습니다. 민주주의가 후퇴했고, 경제적으로도 참혹한 피해를 안겼습니다. 산업시설의 80%가 파괴되었고, 당시 2년 치 국민소득에 달하는 재산이 잿더미가 되었습니다. 사회경제의 기반과 국민의 삶의 터전이 무너졌습니다. 전쟁이 끝난 후에도 남과 북은 긴 세월 냉전의 최전방에서 맞서며 국력을 소모해야만 했습니다. 우리 민족이 전쟁의 아픔을 겪는 동안, 오히려 전쟁특수를 누린 나라들도 있었습니다.그러나 우리에게 전후 경제의 재건은 식민지배에서 벗어나는 것만큼이나 험난한 길이었습니다. 처음에는 원조에 의존해 복구와 재건에 힘썼고 경공업, 중화학공업, ICT산업을 차례로 육성하며, 선진국을 따라잡기까지 꼬박 70년이 걸렸습니다.6·25전쟁을 극복한 세대에 의해 우리는 '한강의 기적'을 이뤘습니다. 전쟁이 끝난 1953년 1인당 국민소득 67불에 불과했던 대한민국이 폐허에서 일어나 국민소득 3만 불이 넘는 세계 10위권 경제 강국으로 발전했습니다. 원조를 받던 나라에서 원조를 주는 나라가 되었고, 추격형 경제에서 선도형 경제로 탈바꿈하고 있습니다. 코로나 극복 과정에서 세계가 주목하는 나라가 되었습니다.이제 국민이 지켜낸 대한민국은 국민을 지켜낼 만큼 강해졌습니다. 평화를 만들어낼 만큼 강한 힘과 정신을 가졌습니다.우리 군은 어떤 위협도 막아낼 힘이 있습니다. 철저한 대비태세를 갖추고 있으며 우리는 두 번 다시 단 한 뼘의 영토, 영해, 영공도 침탈당하지 않을 것입니다.우리는 평화를 원합니다. 그러나 누구라도 우리 국민의 안전과 생명을 위협한다면 단호히 대응할 것입니다. 우리는 전방위적으로 어떤 도발도 용납하지 않을 강한 국방력을 보유하고 있습니다.굳건한 한미동맹 위에서 전시작전통제권의 전환도 빈틈없이 준비하고 있습니다. 우리는 우리 자신의 힘을 바탕으로 반드시 평화를 지키고 만들어갈 것입니다.존경하는 국민 여러분, 참전유공자와 유가족 여러분,우리는 전쟁을 반대합니다. 우리의 GDP는 북한의 50배가 넘고, 무역액은 북한의 400배를 넘습니다. 남북 간 체제경쟁은 이미 오래 전에 끝났습니다. 우리의 체제를 북한에 강요할 생각도 없습니다. 우리는 평화를 추구하며, 함께 잘 살고자 합니다. 우리는 끊임없이 평화를 통해 남북 상생의 길을 찾아낼 것입니다. 통일을 말하기 이전에 먼저 사이좋은 이웃이 되길 바랍니다.우리는 전쟁을 치르면서도 초·중등 '피난학교'를 세웠고, 여러 지역에서 '전시연합대학'을 운영했습니다. 우리는 미래를 준비했고, 평화를 지키는 힘을 기르며 아무도 넘볼 수 없는 나라를 만들었습니다. 이제 우리의 아들과 딸들은 '포스트 코로나' 시대를 남보다 앞서 준비하며, 세계를 선도하는 대한민국의 주인공이 되었습니다.전쟁을 겪은 부모세대와 새로운 70년을 열어갈 후세들 모두에게 평화와 번영의 한반도는 반드시 이뤄야 할 책무입니다. 8,000만 겨레 모두의 숙원입니다. 세계사에서 가장 슬픈 전쟁을 끝내기 위한 노력에 북한도 담대하게 나서주길 바랍니다.남과 북, 온 겨레가 겪은 전쟁의 비극이 후세들에게 공동의 기억으로 전해져 평화를 열어가는 힘이 되길 기원합니다. 통일을 말하려면 먼저 평화를 이뤄야 하고,평화가 오래 이어진 후에야 비로소 통일의 문을 볼 수 있을 것입니다.남북의 화해와 평화가 전 세계에 희망으로 전해질 때, 호국영령들의 숭고한 희생에 진정으로 보답하게 될 것이라 믿습니다.감사합니다.shincombi@tf.co.kr- 더팩트 뮤직어워즈는 언제? [알림받기▶]  - 내 아이돌 응원하기 [팬앤스타▶]  저작권자 ⓒ 특종에 강한 더팩트 & tf.co.kr 무단 전재 및 재배포 금지"
13,"문대통령 “남북, 통일 말하기 전에 사이좋은 이웃 되길”문대통령 “남북간 체제경쟁, 오래전에 끝났다”문재인 대통령은 25일 “두 번 다시 단 한 뼘의 영토, 영해, 영공도 침탈당하지 않을 것”이라고 강조했다. 남북간의 체제 경쟁은 이미 끝났으며, 통일 이전에 ‘좋은 이웃’이 먼저 되야 한다고도 했다.문 대통령은 이날 경기도 성남 서울공항에서 열린 6·25 전쟁 70주년 행사 기념사를 통해 “우리 군은 어떤 위협도 막아낼 힘이 있고, 철저한 대비태세를 갖추고 있다”며 이같이 말했다.문 대통령은 “우리는 평화를 원한다”며 “그러나 누구라도 우리 국민의 안전과 생명을 위협한다면 단호히 대응할 것”이라고 강조했다.그러면서 “우리는 전방위적으로 어떤 도발도 용납하지 않을 강한 국방력을 보유하고 있다”며 “굳건한 한미동맹 위에서 전시작전통제권의 전환도 빈틈없이 준비하고 있다”고 덧붙였다.이어 문 대통령은 “우리는 전쟁을 반대한다”며 “남북 간 체제 경쟁은 이미 오래전에 끝났다. 우리의 체제를 북한에 강요할 생각도 없다”고 밝혔다.문 대통령은 통일에 앞서 평화가 선행돼야 한다는 점을 재확인했다.문 대통령은 “우리는 끊임없이 평화를 통해 남북 상생의 길을 찾아낼 것이다. 통일을 말하기 이전에 먼저 사이좋은 이웃이 되길 바란다”며 “통일을 말하려면 먼저 평화를 이뤄야 한다”고 강조했다.북한의 태도 변화도 촉구했다.문 대통령은 “평화와 번영의 한반도는 반드시 이뤄야 할 책무이다. 8000만 겨레 모두의 숙원”이라며 “세계사에서 가장 슬픈 전쟁을 끝내기 위한 노력에 북한도 담대하게 나서주길 바란다”고 했다.다음은 기념사 전문존경하는 국민 여러분, 참전유공자와 유가족 여러분, 우리는 오늘 6·25전쟁 70주년을 맞아 백마흔일곱 분 용사의 유해를 모셨습니다.서울공항은 영웅들의 귀환을 환영하는 가장 엄숙한 자리가 되었습니다.용사들은 이제야 대한민국 국군의 계급장을 되찾고 70년 만에 우리 곁으로 돌아왔습니다.슬프고도 자랑스러운 일입니다.지체되었지만, 조국은 단 한 순간도 당신들을 잊지 않았습니다.예우를 다해 모실 수 있어 영광입니다.오늘 우리가 모신 영웅 중에는 이미 신원이 밝혀진 일곱 분이 계십니다.모두 함경남도의 장진호 전투에서 산화하신 분들입니다.고 김동성 일병, 고 김정용 일병, 고 박진실 일병, 고 정재술 일병, 고 최재익 일병, 고 하진호 일병, 고 오대영 이등중사의 이름을 역사에 새겨넣겠습니다.가족의 품에서 편히 쉬시길 기원합니다.참전용사 한분 한분의 헌신이 우리의 자유와 평화, 번영의 기반이 되었습니다.그리움과 슬픔을 자긍심으로 견뎌온 유가족께 깊은 존경과 위로의 말씀을 드리며 전우를 애타게 기다려온 생존 참전용사들께 경의를 표합니다.정부는 국민과 함께 호국의 영웅들을 영원히 기억할 것입니다.아직 우리 곁으로 돌아오지 못한 12만3천 전사자들이 가족의 품으로 돌아오는 그 날까지 포기하지 않고 찾아낼 것입니다.우리 정부는 그동안 5천여 명의 참전용사들에게 미처 전달하지 못한 훈장을 수여했고, 생활조정수당을 비롯해 무공명예수당과 참전명예수당, 전몰용사 자녀수당을 대폭 인상했습니다.참전용사와 유가족들의 예우에 계속해서 최선을 다하겠습니다.오늘 영현단에는 우리가 찾아내어 미국으로 보내드릴 미군 전사자 여섯 분의 유해도 함께하고 있습니다. 우리 국민들은 미국을 비롯한 22개국 유엔 참전용사들의 희생을 결코 잊지 않을 것입니다.워싱턴 '추모의 벽'을 2022년까지 완공하여 '위대한 동맹'이 참전용사들의 숭고한 희생 위에 뿌리내리고 있다는 사실을 영원히 기리겠습니다.제가 해외 순방 중 만난 유엔 참전용사들은 한결같이 한국을 제2의 고향으로 여기며 우리의 발전에 자기 일처럼 큰 기쁨과 자부심을 지니고 있었습니다.미국, 프랑스, 뉴질랜드, 노르웨이, 스웨덴 참전용사들께 국민을 대표해 감사와 존경의 마음을 전했고, 태국 참전용사들께는 '평화의 사도 메달'을 달아드렸습니다.보훈에는 국경이 없습니다. 유엔참전국과 함께 하는 다양한 보훈사업을 통해 용사들의 숭고한 희생을 기억하고 기리겠습니다.6·25전쟁 70주년을 맞아 뜻깊은 영상 메시지를 보내주신 유엔참전국 정상들과오늘 행사에 함께해주신 각국 대사들께도 깊이 감사드립니다.국민 여러분, 6·25전쟁은 오늘의 우리를 만든 전쟁입니다.전쟁이 가져온 비극도, 전쟁을 이겨낸 의지도, 전쟁을 딛고 이룩한 경제성장의 자부심과 전쟁이 남긴 이념적 상처 모두 우리의 삶과 마음속에 고스란히 살아있습니다.70년이 흘렀지만, 그대로 우리의 모습이 되었습니다.우리는 전쟁의 참화에 함께 맞서고 이겨내며 진정한 대한민국 국민으로 거듭났습니다.국난 앞에서 단합했고, 자유민주주의의 가치를 지킬 힘을 길렀습니다.'가장 평범한 사람'을 '가장 위대한 애국자'로 만든 것도 6·25전쟁입니다.농사를 짓다 말고, 학기를 다 마치지도 못하고, 가족을 집에 남겨두고 떠난 우리의 이웃들이 낙동강 전선을 지키고 서울을 수복한 영웅이 되었습니다.국가의 존재가치를 체감하며 애국심이 고양되었고 평화의 소중함을 자각하게 되었습니다.어떤 난관도 극복할 수 있는 자신감의 원천도 6·25전쟁이었습니다.참전용사들은 전쟁을 이겨낸 자부심과 군에서 익힌 기술로 전후 재건의 주축이 되었습니다.전장에서 쓰러져간 전우들의 몫까지 대한민국을 사랑했고, 이웃과 가족들의 긍지가 되었습니다.그러나 아직 우리는 6·25전쟁을 진정으로 기념할 수 없습니다.아직 전쟁이 끝나지 않았기 때문입니다.지금 이 순간에도 전쟁의 위협은 계속되고, 우리는 눈에 보이는 위협뿐 아니라우리 내부의 보이지 않는 반목과도 전쟁을 치르고 있습니다.우리는 모두 참전용사의 딸이고, 피란민의 아들입니다.전쟁은 국토 곳곳에 상흔을 남기며 아직도 한 개인의 삶과 한 가족의 역사에 고스란히 살아있습니다.그것은 투철한 반공정신으로, 우리도 잘살아보자는 근면함으로, 국민주권과 민주주의 정신으로 다양하게 표출되었습니다. 그러나 모든 이들에게 공통된 하나의 마음은, 이 땅에 두 번 다시 전쟁은 없어야 한다는 것입니다.자신이 살아가는 시대와 함께 자신의 모든 것을 헌신한 사람들은 서로를 존중하며 손잡을 수 있습니다.우리는 6·25전쟁을 세대와 이념을 통합하는 모두의 역사적 경험으로 만들기 위해 이 오래된 전쟁을 끝내야 합니다.전쟁의 참혹함을 잊지 않는 것이 종전을 향한 첫걸음입니다. 70년 전 이 땅의 자유와 평화를 위해 목숨 바친 유엔 참전용사들과 평화를 사랑하는 세계인 모두의 염원이기도 합니다.1950년 6월 25일, 유엔 안전보장이사회는 전쟁 발발 10시간 만에 결의문을 채택해 북한군의 침략 중지와 38도선 이북으로의 철수를 촉구하고, 한반도의 평화와 안전의 회복을 위해 역사상 최초의 유엔 집단안보를 발동했습니다. 세계가 함께 고귀한 희생을 치렀습니다.지금 우리에게 필요한 것은 오늘의 자유와 평화, 번영의 뿌리가 된 수많은 희생에 대한 기억과 우리 자신에 대한 자부심입니다.독립선열의 정신이 호국영령의 정신으로 이어져 다시 민주주의를 지켜내는 거대한 정신이 되었듯 6·25전쟁에서 실천한 애국과 가슴에 담은 자유민주주의를 평화와 번영의 동력으로 되살려내야 합니다.그것이 진정으로 전쟁을 기념하는 길입니다.국민 여러분, 6·25전쟁으로 국군 13만8천 명이 전사했습니다.45만 명이 부상당했고, 2만5천 명이 실종되었습니다.100만 명에 달하는 민간인이 사망, 학살, 부상으로 희생되었습니다.10만 명의 아이들이 고아가 되었으며, 320만 명이 고향을 떠나고, 천만 명의 국민이 이산의 고통을 겪어야 했습니다.전쟁에서 자유로울 수 있는 사람은 단 한 명도 없었습니다.민주주의가 후퇴했고, 경제적으로도 참혹한 피해를 안겼습니다.산업시설의 80%가 파괴되었고, 당시 2년 치 국민소득에 달하는 재산이 잿더미가 되었습니다.사회경제의 기반과 국민의 삶의 터전이 무너졌습니다. 전쟁이 끝난 후에도 남과 북은 긴 세월 냉전의 최전방에서 맞서며 국력을 소모해야만 했습니다. 우리 민족이 전쟁의 아픔을 겪는 동안 오히려 전쟁특수를 누린 나라들도 있었습니다.그러나 우리에게 전후 경제의 재건은 식민지배에서 벗어나는 것만큼이나 험난한 길이었습니다.처음에는 원조에 의존해 복구와 재건에 힘썼고 경공업, 중화학공업, ICT산업을 차례로 육성하며 선진국을 따라잡기까지 꼬박 70년이 걸렸습니다.6·25전쟁을 극복한 세대에 의해 우리는 '한강의 기적'을 이뤘습니다.전쟁이 끝난 1953년 1인당 국민소득 67불에 불과했던 대한민국이 폐허에서 일어나 국민소득 3만 불이 넘는 세계 10위권 경제 강국으로 발전했습니다.원조를 받던 나라에서 원조를 주는 나라가 되었고, 추격형 경제에서 선도형 경제로 탈바꿈하고 있습니다.코로나 극복 과정에서 세계가 주목하는 나라가 되었습니다.이제 국민이 지켜낸 대한민국은 국민을 지켜낼 만큼 강해졌습니다.평화를 만들어낼 만큼 강한 힘과 정신을 가졌습니다.우리 군은 어떤 위협도 막아낼 힘이 있습니다.철저한 대비태세를 갖추고 있으며 우리는 두 번 다시 단 한 뼘의 영토, 영해, 영공도 침탈당하지 않을 것입니다.우리는 평화를 원합니다.그러나 누구라도 우리 국민의 안전과 생명을 위협한다면 단호히 대응할 것입니다. 우리는 전방위적으로 어떤 도발도 용납하지 않을 강한 국방력을 보유하고 있습니다.굳건한 한미동맹 위에서 전시작전통제권의 전환도 빈틈없이 준비하고 있습니다.우리는 우리 자신의 힘을 바탕으로 반드시 평화를 지키고 만들어갈 것입니다. 존경하는 국민 여러분, 참전유공자와 유가족 여러분, 우리는 전쟁을 반대합니다.우리의 GDP(국내총생산)는 북한의 50배가 넘고 무역액은 북한의 400배를 넘습니다.남북 간 체제경쟁은 이미 오래전에 끝났습니다. 우리의 체제를 북한에 강요할 생각도 없습니다.우리는 평화를 추구하며, 함께 잘 살고자 합니다.우리는 끊임없이 평화를 통해 남북 상생의 길을 찾아낼 것입니다. 통일을 말하기 이전에 먼저 사이좋은 이웃이 되길 바랍니다.우리는 전쟁을 치르면서도 초·중등 '피란학교'를 세웠고, 여러 지역에서 '전시연합대학'을 운영했습니다.우리는 미래를 준비했고, 평화를 지키는 힘을 기르며 아무도 넘볼 수 없는 나라를 만들었습니다.이제 우리의 아들과 딸들은 '포스트 코로나' 시대를 남보다 앞서 준비하며, 세계를 선도하는 대한민국의 주인공이 되었습니다.전쟁을 겪은 부모 세대와 새로운 70년을 열어갈 후세들 모두에게 평화와 번영의 한반도는 반드시 이뤄야 할 책무입니다.8천만 겨레 모두의 숙원입니다.세계사에서 가장 슬픈 전쟁을 끝내기 위한 노력에 북한도 담대하게 나서주길 바랍니다.남과 북, 온 겨레가 겪은 전쟁의 비극이 후세들에게 공동의 기억으로 전해져 평화를 열어가는 힘이 되길 기원합니다. 통일을 말하려면 먼저 평화를 이뤄야 하고, 평화가 오래 이어진 후에야 비로소 통일의 문을 볼 수 있을 것입니다. 남북의 화해와 평화가 전 세계에 희망으로 전해질 때 호국영령들의 숭고한 희생에 진정으로 보답하게 될 것이라 믿습니다. 감사합니다.김준엽 기자 snoopy@kmib.co.kr▶ 네이버에서 국민일보를 구독하세요(클릭)▶ 국민일보 홈페이지 바로가기GoodNews paper ⓒ 국민일보(www.kmib.co.kr), 무단전재 및 재배포금지"
14,"文대통령, 6·25전쟁 70주년 기념사“6·25전쟁, 이 오래된 전쟁을 끝내야 해”“우리 체제 북한에 강요할 생각 없어”“남북, 먼저 사이좋은 이웃이 되길”문재인 대통령과 부인 김정숙 여사가 25일 서울공항에서 열린 6·25전쟁 70주년 행사에 참석하고 있다. (사진=연합뉴스)[이데일리 김정현 기자] 문재인 대통령이 6·25전쟁 70주년을 맞아 25일 “남북 간 체제경쟁은 이미 오래전에 끝났다. 우리의 체제를 북한에 강요할 생각도 없다”면서 “세계사에서 가장 슬픈 전쟁을 끝내기 위한 노력에 북한도 담대하게 나서주길 바란다”고 말했다.문 대통령은 25일 오후 8시20분 경기 성남 서울공항에서 진행한 ‘6·25전쟁 70주년 행사’에 참석해 “우리는 전쟁을 반대한다”며 이처럼 밝혔다. 문 대통령은 “우리의 국내총생산(GDP)은 북한의 50배가 넘고, 무역액은 북한의 400배를 넘는다”면서 “우리는 끊임없이 평화를 통해 남북 상생의 길을 찾아낼 것”이라고 밝혔다.다음은 문 대통령의 기념사 전문.존경하는 국민 여러분,참전유공자와 유가족 여러분,우리는 오늘 6·25전쟁 70주년을 맞아, 백마흔일곱 분 용사의 유해를 모셨습니다.서울공항은 영웅들의 귀환을 환영하는 가장 엄숙한 자리가 되었습니다.용사들은 이제야 대한민국 국군의 계급장을 되찾고, 70년 만에 우리 곁으로 돌아왔습니다.슬프고도 자랑스런 일입니다.지체되었지만, 조국은 단 한 순간도 당신들을 잊지 않았습니다.예우를 다해 모실 수 있어 영광입니다.오늘 우리가 모신 영웅들 중에는 이미 신원이 밝혀진 일곱 분이 계십니다.모두 함경남도의 장진호 전투에서 산화하신 분들입니다.고 김동성 일병, 고 김정용 일병, 고 박진실 일병, 고 정재술 일병, 고 최재익 일병, 고 하진호 일병, 고 오대영 이등중사의 이름을 역사에 새겨넣겠습니다.가족의 품에서 편히 쉬시길 기원합니다.참전용사 한분 한분의 헌신이 우리의 자유와 평화, 번영의 기반이 되었습니다.그리움과 슬픔을 자긍심으로 견뎌온 유가족께 깊은 존경과 위로의 말씀을 드리며, 전우를 애타게 기다려온 생존 참전용사들께 경의를 표합니다.정부는 국민과 함께 호국의 영웅들을 영원히 기억할 것입니다.아직 우리 곁으로 돌아오지 못한 12만3천 전사자들이 가족의 품으로 돌아오는 그날까지 포기하지 않고 찾아낼 것입니다.우리 정부는 그동안 5천여 명의 참전용사들에게 미처 전달하지 못한 훈장을 수여했고, 생활조정수당을 비롯해 무공명예수당과 참전명예수당, 전몰용사 자녀수당을 대폭 인상했습니다.참전용사와 유가족들의 예우에 계속해서 최선을 다하겠습니다.오늘 영현단에는 우리가 찾아내어 미국으로 보내드릴 미군 전사자 여섯 분의 유해도 함께하고 있습니다. 우리 국민들은 미국을 비롯한 22개국 유엔 참전용사들의 희생을 결코 잊지 않을 것입니다.워싱턴 ‘추모의 벽’을 2022년까지 완공하여 ‘위대한 동맹’이 참전용사들의 숭고한 희생 위에 뿌리내리고 있다는 사실을 영원히 기리겠습니다.제가 해외순방 중 만난 유엔 참전용사들은 한결같이 한국을 제2의 고향으로 여기며, 우리의 발전에 자기 일처럼 큰 기쁨과 자부심을 지니고 있었습니다.미국, 프랑스, 뉴질랜드, 노르웨이, 스웨덴 참전용사들께 국민을 대표해 감사와 존경의 마음을 전했고, 태국 참전용사들께는 ‘평화의 사도 메달’을 달아드렸습니다.보훈에는 국경이 없습니다. 유엔참전국과 함께 하는 다양한 보훈사업을 통해 용사들의 숭고한 희생을 기억하고 기리겠습니다.6·25전쟁 70주년을 맞아, 뜻깊은 영상 메시지를 보내주신 유엔참전국 정상들과 오늘 행사에 함께해주신 각국 대사들께도 깊이 감사드립니다.국민 여러분,6·25전쟁은 오늘의 우리를 만든 전쟁입니다.전쟁이 가져온 비극도, 전쟁을 이겨낸 의지도, 전쟁을 딛고 이룩한 경제성장의 자부심과 전쟁이 남긴 이념적 상처 모두 우리의 삶과 마음속에 고스란히 살아있습니다.70년이 흘렀지만, 그대로 우리의 모습이 되었습니다.우리는 전쟁의 참화에 함께 맞서고 이겨내며 진정한 대한민국 국민으로 거듭났습니다.국난 앞에서 단합했고, 자유민주주의의 가치를 지킬 힘을 길렀습니다.‘가장 평범한 사람’을 ‘가장 위대한 애국자’로 만든 것도 6·25전쟁입니다.농사를 짓다 말고, 학기를 다 마치지도 못하고, 가족을 집에 남겨두고 떠난 우리의 이웃들이 낙동강 전선을 지키고 서울을 수복한 영웅이 되었습니다.국가의 존재가치를 체감하며 애국심이 고양되었고, 평화의 소중함을 자각하게 되었습니다.어떤 난관도 극복할 수 있는 자신감의 원천도 6·25전쟁이었습니다.참전용사들은 전쟁을 이겨낸 자부심과 군에서 익힌 기술로 전후 재건의 주축이 되었습니다.전장에서 쓰러져간 전우들의 몫까지 대한민국을 사랑했고,이웃과 가족들의 긍지가 되었습니다.그러나 아직 우리는 6·25전쟁을 진정으로 기념할 수 없습니다.아직 전쟁이 끝나지 않았기 때문입니다.지금 이 순간에도 전쟁의 위협은 계속되고, 우리는 눈에 보이는 위협뿐 아니라 우리 내부의 보이지 않는 반목과도 전쟁을 치르고 있습니다.우리는 모두 참전용사의 딸이고, 피난민의 아들입니다.전쟁은 국토 곳곳에 상흔을 남기며,아직도 한 개인의 삶과 한 가족의 역사에 고스란히 살아있습니다.그것은 투철한 반공정신으로, 우리도 잘 살아보자는 근면함으로, 국민주권과 민주주의 정신으로 다양하게 표출되었습니다. 그러나 모든 이들에게 공통된 하나의 마음은, 이 땅에 두번 다시 전쟁은 없어야 한다는 것입니다.자신이 살아가는 시대와 함께 자신의 모든 것을 헌신한 사람들은 서로를 존중하며 손잡을 수 있습니다.우리는 6·25전쟁을 세대와 이념을 통합하는 모두의 역사적 경험으로 만들기 위해, 이 오래된 전쟁을 끝내야 합니다.전쟁의 참혹함을 잊지 않는 것이 ‘종전’을 향한 첫걸음입니다. 70년 전 이 땅의 자유와 평화를 위해 목숨 바친 유엔 참전용사들과 평화를 사랑하는 세계인 모두의 염원이기도 합니다.1950년 6월 25일, 유엔 안전보장이사회는 전쟁 발발 10시간 만에 결의문을 채택해 ‘북한군의 침략 중지와 38도선 이북으로의 철수’를 촉구하고, 한반도의 평화와 안전의 회복을 위해 역사상 최초의 ‘유엔 집단안보’를 발동했습니다. 세계가 함께 고귀한 희생을 치렀습니다.지금 우리에게 필요한 것은 오늘의 자유와 평화, 번영의 뿌리가 된 수많은 희생에 대한 기억과 우리 자신에 대한 자부심입니다.독립선열의 정신이 호국영령의 정신으로 이어져 다시 민주주의를 지켜내는 거대한 정신이 되었듯, 6·25전쟁에서 실천한 애국과 가슴에 담은 자유민주주의를 평화와 번영의 동력으로 되살려내야 합니다.그것이 진정으로 전쟁을 기념하는 길입니다.국민 여러분,6·25전쟁으로 국군 13만8천 명이 전사했습니다.45만 명이 부상당했고, 2만5천 명이 실종되었습니다.100만 명에 달하는 민간인이 사망, 학살, 부상으로 희생되었습니다.10만 명의 아이들이 고아가 되었으며, 320만 명이 고향을 떠나고, 1000만 명의 국민이 이산의 고통을 겪어야 했습니다.전쟁에서 자유로울 수 있는 사람은 단 한 명도 없었습니다.민주주의가 후퇴했고, 경제적으로도 참혹한 피해를 안겼습니다.산업시설의 80%가 파괴되었고, 당시 2년 치 국민소득에 달하는 재산이 잿더미가 되었습니다.사회경제의 기반과 국민의 삶의 터전이 무너졌습니다. 전쟁이 끝난 후에도 남과 북은 긴 세월 냉전의 최전방에서 맞서며 국력을 소모해야만 했습니다. 우리 민족이 전쟁의 아픔을 겪는 동안, 오히려 전쟁특수를 누린 나라들도 있었습니다.그러나 우리에게 전후 경제의 재건은 식민지배에서 벗어나는 것만큼이나 험난한 길이었습니다.처음에는 원조에 의존해 복구와 재건에 힘썼고 경공업, 중화학공업, ICT산업을 차례로 육성하며, 선진국을 따라잡기까지 꼬박 70년이 걸렸습니다.6·25전쟁을 극복한 세대에 의해 우리는 ‘한강의 기적’을 이뤘습니다.전쟁이 끝난 1953년 1인당 국민소득 67불에 불과했던 대한민국이 폐허에서 일어나 국민소득 3만불이 넘는 세계 10위권 경제 강국으로 발전했습니다.원조를 받던 나라에서 원조를 주는 나라가 되었고, 추격형 경제에서 선도형 경제로 탈바꿈하고 있습니다.코로나 극복 과정에서 세계가 주목하는 나라가 되었습니다.이제 국민이 지켜낸 대한민국은 국민을 지켜낼 만큼 강해졌습니다.평화를 만들어낼 만큼 강한 힘과 정신을 가졌습니다.우리 군은 어떤 위협도 막아낼 힘이 있습니다.철저한 대비태세를 갖추고 있으며 우리는 두 번 다시 단 한 뼘의 영토, 영해, 영공도 침탈당하지 않을 것입니다.우리는 평화를 원합니다.그러나 누구라도 우리 국민의 안전과 생명을 위협한다면 단호히 대응할 것입니다. 우리는 전방위적으로 어떤 도발도 용납하지 않을 강한 국방력을 보유하고 있습니다.굳건한 한미동맹 위에서 전시작전통제권의 전환도 빈틈없이 준비하고 있습니다. 우리는 우리 자신의 힘을 바탕으로 반드시 평화를 지키고 만들어갈 것입니다. 존경하는 국민 여러분,참전유공자와 유가족 여러분,우리는 전쟁을 반대합니다.우리의 GDP는 북한의 50배가 넘고, 무역액은 북한의 400배를 넘습니다.남북 간 체제경쟁은 이미 오래전에 끝났습니다. 우리의 체제를 북한에 강요할 생각도 없습니다. 우리는 평화를 추구하며, 함께 잘 살고자 합니다.우리는 끊임없이 평화를 통해 남북 상생의 길을 찾아낼 것입니다. 통일을 말하기 이전에 먼저 사이좋은 이웃이 되길 바랍니다.우리는 전쟁을 치르면서도 초·중등 ‘피난학교’를 세웠고, 여러 지역에서 ‘전시연합대학’을 운영했습니다.우리는 미래를 준비했고, 평화를 지키는 힘을 기르며 아무도 넘볼 수 없는 나라를 만들었습니다.이제 우리의 아들과 딸들은 ‘포스트 코로나’ 시대를 남보다 앞서 준비하며, 세계를 선도하는 대한민국의 주인공이 되었습니다.전쟁을 겪은 부모세대와 새로운 70년을 열어갈 후세들 모두에게 평화와 번영의 한반도는 반드시 이뤄야 할 책무입니다.8000만 겨레 모두의 숙원입니다.세계사에서 가장 슬픈 전쟁을 끝내기 위한 노력에 북한도 담대하게 나서주길 바랍니다.남과 북, 온 겨레가 겪은 전쟁의 비극이 후세들에게 공동의 기억으로 전해져 평화를 열어가는 힘이 되길 기원합니다. 통일을 말하려면 먼저 평화를 이뤄야 하고,평화가 오래 이어진 후에야 비로소 통일의 문을 볼 수 있을 것입니다. 남북의 화해와 평화가 전 세계에 희망으로 전해질 때, 호국영령들의 숭고한 희생에 진정으로 보답하게 될 것이라 믿습니다. 감사합니다.김정현 (thinker@edaily.co.kr)네이버에서 ‘이데일리’ 구독하기▶청춘뉘우스~ 스냅타임▶＜ⓒ종합 경제정보 미디어 이데일리 - 무단전재 & 재배포 금지＞"
15,"첫 6·25 행사 참석…보훈ㆍ평화 등 강조“먼저 평화 이뤄야…사이좋은 이웃 되길”“강한 국방력…어떤 도발도 용납 않겠다”“이 땅에 두번 다시 전쟁은 없어야 한다”문재인 대통령이 25일 서울공항에서 열린 6·25전쟁 70주년 행사에서 기념사를 하고 있다. [연합][헤럴드경제=강문규 기자] 문재인 대통령은 6·25전쟁 70주년을 맞은 25일 “세계사에서 가장 슬픈 전쟁을 끝내기 위한 노력에 북한도 담대하게 나서주길 바란다”고 말했다.문 대통령은 이날 오후 8시 20분 경기 성남 서울공항 격납고에서 열린 6·25전쟁 제70주년 행사에 참석, 기념사를 통해 “남과 북, 온 겨레가 겪은 전쟁의 비극이 후세들에게 공동의 기억으로 전해져 평화를 열어가는 힘이 되길 기원한다”며 이같이 밝혔다. 문 대통령이 6·25전쟁 행사에 참석하는 것은 취임 이후 첫번째이자 역대 대통령 중 세번째다. 6·25전쟁 50주년(2000년)에는 김대중 당시 대통령, 60주년(2010년)에는 이명박 당시 대통령이 행사에서 기념사를 한 바 있다.문 대통령은 “통일을 말하려면 먼저 평화를 이뤄야 하고, 평화가 오래 이어진 후에야 비로소 통일의 문을 볼 수 있을 것”이라며 “남북의 화해와 평화가 전 세계에 희망으로 전해질 때, 호국영령들의 숭고한 희생에 진정으로 보답하게 될 것이라 믿는다”고 했다. 그러면서 “우리는 끊임없이 평화를 통해 남북 상생의 길을 찾아낼 것”이라며 “통일을 말하기 이전에 먼저 사이좋은 이웃이 되길 바란다”고 말했다. 특히 남한의 GDP는 북한의 50배가 넘고, 무역액은 북한의 400배를 넘는다고 언급하면서 “남북 간 체제경쟁은 이미 오래전에 끝났다”고 했다. 아울러 “우리의 체제를 북한에 강요할 생각도 없다”며 “우리는 평화를 추구하며, 함께 잘 살고자 한다”고 했다.문 대통령은 강한 국방력을 강조하면서 어떠한 도발도 용납하지 않겠다는 뜻을 밝혔다. 이어 “이제 국민이 지켜낸 대한민국은 국민을 지켜낼 만큼 강해졌다”며 “평화를 만들어낼 만큼 강한 힘과 정신을 가졌고, 우리 군은 어떤 위협도 막아낼 힘이 있다”고 했다. 특히 “철저한 대비태세를 갖추고 있으며 우리는 두 번 다시 단 한 뼘의 영토, 영해, 영공도 침탈당하지 않을 것”이라며 “우리는 우리 자신의 힘을 바탕으로 반드시 평화를 지키고 만들어갈 것”이라고 말했다.문 대통령은 6·25전쟁을 ‘아직 끝나지 않은 전쟁’이라고 규정했다. 그러면서 “아직 우리는 6·25전쟁을 진정으로 기념할 수 없다”며 “지금 이 순간에도 전쟁의 위협은 계속되고, 우리는 눈에 보이는 위협뿐 아니라 우리 내부의 보이지 않는 반목과도 전쟁을 치르고 있다”고 말했다. 아울러 “모든 이들에게 공통된 하나의 마음은, 이 땅에 두번 다시 전쟁은 없어야 한다는 것”이라며 “우리는 6·25전쟁을 세대와 이념을 통합하는 모두의 역사적 경험으로 만들기 위해, 이 오래된 전쟁을 끝내야 한다”고 거듭 밝혔다. 이어 “전쟁의 참혹함을 잊지 않는 것이 ‘종전’을 향한 첫걸음”이라며 “70년 전 이 땅의 자유와 평화를 위해 목숨 바친 유엔 참전용사들과 평화를 사랑하는 세계인 모두의 염원이기도 하다”고 했다.문 대통령은 이날 70년 만에 귀환한 국군전사자 유해 147구에 대한 각별한 의미도 설명했다. 신원이 확인된 장진호 전투에서 전사한 7인을 일일이 호명하면서 “지체되었지만, 조국은 단 한 순간도 당신들을 잊지 않았고, 예우를 다해 모실 수 있어 영광”이라고 말했다.문 대통령은 보훈을 강조하면서 “참전용사 한분 한분의 헌신이 우리의 자유와 평화, 번영의 기반이 됐다”며 “그리움과 슬픔을 자긍심으로 견뎌온 유가족께 깊은 존경과 위로의 말씀을 드리며, 전우를 애타게 기다려온 생존 참전용사들께 경의를 표한다”고 말했다. 그러면서 “정부는 국민과 함께 호국의 영웅들을 영원히 기억할 것”이라며 “아직 우리 곁으로 돌아오지 못한 12만3000 전사자들이 가족의 품으로 돌아오는 그날까지 포기하지 않고 찾아낼 것”이라고 말했다.mkkang@heraldcorp.com▶[디;콘] 여론조사를 조사하다!▶채널 구독하면 LED마스크, 공기청정기가 내손에 ▶농수축산물 소비캠페인 - Copyrights ⓒ 헤럴드경제 & heraldbiz.com, 무단 전재 및 재배포 금지 -"
16,"문재인 대통령은 26일 시모네타 좀마루가 스위스 대통령과 통화에서 ""앞으로도 스위스와 계속 소통하면서 협력해 나가고자 한다""고 말했다. /청와대 제공文-스위스 정상 통화…좀마루가 ""한반도 평화프로세스 지지""[더팩트ㅣ청와대=신진환 기자] 문재인 대통령은 26일 시모네타 좀마루가 스위스 대통령과 코로나19 사태를 극복하기 위한 양국 간 협력 방안과 한반도 정세 관련한 의견을 교환했다.문 대통령은 이날 오후 5시부터 30분간 좀마루가 대통령의 요청으로 이뤄진 통화에서 2월 말에서 3월 초 한국이 국내 신규감염 증가로 어려움을 겪던 시기, 스위스 측이 코로나19 검사를 위한 유전자 추출 자동화 시약을 적시에 공급해 한국 내 코로나19 초동 대응에 큰 도움을 준 데 대해 감사의 뜻을 밝혔다.문 대통령은 ""대통령께서 6월 초 글로벌 백신 정상회의에서 백신의 연구개발, 생산 및 공정한 배분의 중요성을 강조한 것으로 알다""며 ""백신과 치료제는 누가 개발하든 온 인류를 위한 공공재인 만큼 모든 나라가 공정한 접근권을 가져야 한다""고 말했다.좀마루가 대통령은 ""한국 정부가 코로나19 사태에 성공적으로 대응해 확진자를 감소시킨 것을 축하드린다""면서 ""한국의 대응에서 많은 것을 배울 수 있었다""고 평가했다.좀마루가 대통령은 ""백신 및 치료제의 공평한 분배에 대한 생각이 완전히 일치해 매우 기쁘다""면서 ""백신 및 치료제는 개발도 중요하지만, 모두에게 접근권이 필요하다""고 강조했다.문 대통령은 ""서울에 본부를 두고 있는 국제백신연구소는 세계적 수준의 백신 개발 및 분배 연구역량은 갖추고 있는 세계 유일의 국제기구""라며 스위스 측의 적극적인 참여를 요청했다.이에 좀마루가 대통령은 요청하신 사항에 대해 검토한 후 곧 답변을 드리겠다고 했다. 또한 ""최근 한반도 긴장 고조 상황을 예의주시하고 있다""면서 ""대통령님의 남북대화 의지를 높이 평가한다""고 말했다. 이어 ""스위스는 남북 대화를 지원할 의지가 있고, 지속적으로 한국의 한반도 평화프로세스를 지지한다""고 밝혔다.문 대통령은 ""그간 스위스 정부가 중립국 감독위원회 일원으로 한반도 평화 안정에 기여해 왔으며, 또한 북한 취약계층에 대한 인도적 지원을 지속해 온 노력을 평가한다""면서 ""한반도 평화 프로세스에 지지 말씀을 해 주셔서 감사하고, 앞으로도 스위스와 계속 소통하면서 협력해 나가고자 한다""고 말했다.한편 좀마루가 대통령은 ""코로나 상황에서 많은 국민의 정치적 참여를 이끌어 내면서 총선을 성공적으로 치른 것을 축하드린다""고 했다. 문 대통령은 ""우리 국민들의 자발적이면서도 철저한 방역과 적극적인 투표 참여 덕분에 총선을 안전하게 치를 수 있었다""면서 축하 발언에 사의를 표했다.shincombi@tf.co.kr- 더팩트 뮤직어워즈는 언제? [알림받기▶]  - 내 아이돌 응원하기 [팬앤스타▶]  저작권자 ⓒ 특종에 강한 더팩트 & tf.co.kr 무단 전재 및 재배포 금지"
17,"문재인 대통령이 26일 오후 청와대 여민관에서 시모네타 소마루가 스위스 대통령과 전화 통화하고 있다. [이미지출처=연합뉴스][아시아경제 손선희 기자] 문재인 대통령은 26일 시모네타 좀마루가 스위스 대통령과 정상 통화를 갖고 최근 한반도 상황에 대한 논의를 나눈 뒤 평화 프로세스에 협력하기로 했다고 청와대가 밝혔다. 아울러 신종 코로나바이러스감염증(코로나19) 백신이 전 인류를 위한 공공재가 돼야 한다는 데 양 정상이 공감대를 이뤘다.강민석 청와대 대변인은 이날 오후 서면브리핑을 통해 이같이 밝혔다. 이날 통화는 이날 오후 5시부터 30분 간 이뤄졌다.좀마루가 대통령은 ""최근 한반도 긴장 고조 상황을 예의주시하고 있다""며 ""문 대통령님의 남북대화 의지를 높이 평가한다""고 말했다. 이어 ""스위스는 남북대화를 지원할 의지가 있고, 지속적으로 한국의 한반도 평화프로세스를 지지한다""고 밝혔다.문 대통령은 ""그간 스위스 정부가 중립국 감독위원회 일원으로 한반도 평화 안정에 기여해 왔으며, 또한 북한 취약계층에 대한 인도적 지원을 지속해 온 노력을 평가한다""며 ""한반도평화 프로세스에 지지말씀을 해줘서 감사하고, 앞으로도 스위스와 계속 소통하면서 협력해 나가고자 한다""고 화답했다.아울러 좀마루가 대통령은 ""문 대통령이 이달 초 글로벌 백신 정상회의에서 백신의 연구개발, 생산 및 공정한 배분의 중요성을 강조한 것으로 알고 있다""며 ""백신과 치료제는 누가 개발하든 온 인류를 위한 공공재인 만큼 모든 나라가 공정한 접근권을 가져야한다""고 강조했다. 그러면서 ""백신 및 치료제의 공평한 분배에 대한 생각이 완전히 일치해 매우 기쁘다""며 ""백신 및 치료제는 개발도 중요하지만 모두에게 접근권이 필요하다""고 강조했다.손선희 기자 sheeson@asiae.co.kr▶ 2020년 하반기, 재물운·연애운·건강운 체크!▶ 네이버에서 아시아경제 뉴스를 받아보세요 ▶ 놀 준비 되었다면 드루와!  드링킷!<ⓒ경제를 보는 눈, 세계를 보는 창 아시아경제 무단전재 배포금지>"
18,"문대통령 ""스위스, 중립국 감독위원회 일원으로 평화에 기여"" 평가좀마루가 ""한국 코로나 대응 많이 배워""…문대통령 ""백신과 치료제, 모든 나라가 공정한 접근권 가져야""문재인 대통령. (청와대 제공) /뉴스1 © News1 유승관 기자(서울=뉴스1) 최은지 기자 = 시모네타 좀마루가 스위스 대통령은 26일 오후 문재인 대통령과의 정상통화에서 ""최근 한반도 긴장 고조 상황을 예의주시하고 있다""라며 ""대통령님의 남북대화 의지를 높이 평가한다""고 밝혔다.강민석 청와대 대변인의 서면 브리핑에 따르면 문 대통령은 이날 오후 5시부터 30분동안 좀마루가 대통령의 요청으로 정상 통화를 했다. 문 대통령과 좀마루가 대통령의 전화 통화는 이번이 처음으로, 코로나19 관련 정상통화는 이번이 39번째다.좀마루가 대통령은 ""스위스는 남북대화를 지원할 의지가 있고, 지속적으로 한국의 한반도 평화프로세스를 지지한다""고 말했다.이에 대해 문 대통령은 ""그간 스위스 정부가 중립국 감독위원회 일원으로 한반도 평화 안정에 기여해 왔으며, 또한 북한 취약계층에 대한 인도적 지원을 지속해 온 노력을 평가한다""라며 ""한반도 평화 프로세스에 지지말씀을 해 주셔서 감사하고, 앞으로도 스위스와 계속 소통하면서 협력해 나가고자 한다""고 밝혔다.코로나19 상황과 관련해 좀마루가 대통령은 ""한국 정부가 코로나19 사태에 성공적으로 대응해 확진자를 감소시킨 것을 축하드린다""라며 ""한국의 대응에서 많은 것을 배울 수 있었다""고 평가했다.이에 문 대통령은 2월 말에서 3월 초 한국이 국내 신규감염 증가로 어려움을 겪던 시기에 스위스측이 코로나19 검사를 위한 유전자 추출 자동화 시약을 적시에 공급해 한국 내 코로나19 초동대응에 큰 도움을 준 데 대해 감사의 뜻을 밝혔다.이어 문 대통령은 ""대통령께서 6월 초 글로벌 백신 정상회의에서 백신의 연구개발, 생산 및 공정한 배분의 중요성을 강조한 것으로 알고 있다""라며 ""백신과 치료제는 누가 개발하든 온 인류를 위한 공공재인 만큼 모든 나라가 공정한 접근권을 가져야 한다""고 공감을 표했다. 좀마루가 대통령은 ""백신 및 치료제의 공평한 분배에 대한 생각이 완전히 일치해 매우 기쁘다""라며 ""백신 및 치료제는 개발도 중요하지만 모두에게 접근권이 필요하다""고 강조했다. 아울러 좀마루가 대통령은 ""코로나 상황에서 많은 국민의 정치적 참여를 이끌어 내면서 총선을 성공적으로 치른 것을 축하드린다""라고 말했다.이에 문 대통령은 ""우리 국민들의 자발적이면서도 철저한 방역과 적극적인 투표 참여 덕분에 총선을 안전하게 치를 수 있었다""라며 사의를 표했다.silverpaper@news1.kr▶ 네이버 메인에서 [뉴스1] 구독하기!▶  뉴스1 바로가기 ▶  코로나19 뉴스 © 뉴스1코리아(news1.kr), 무단 전재 및 재배포 금지"
19,"한·스위스 정상통화한반도 평화프로세스 지지 의사 밝혀문재인 대통령은 26일 시모네타 좀마루가 스위스 대통령과 정상통화를 하고 신종 코로나바이러스 감염증(코로나19) 백신 관련 협력 방안을 논의했다,  좀마루가 대통령은 “한국 정부가코로나19 사태에 성공적으로 대응해 확진자를 감소시킨 것을 축하드린다”며 “한국의 대응에서 많은 것을 배울 수 있었다”고 평가했다. 이에 문 대통령은 스위스가 코로나19 검사를 위한 유전자 추출 자동화 시약을 적시에 공급해 코로나19 초동대응에 큰 도움을 준 데 대해 감사의 뜻을 밝혔다. 지난 2월 말에서 3월 초 한국이 국내 신규감염 증가로 어려움을 겪던 시기였다. 백신 관련 의견도 나눴다. 문 대통령은  “스위스가 이달 초 글로벌 백신 정상회의에서 백신의 연구개발, 생산 및 공정한 배분의 중요성을 강조한 것으로 알고 있다""며 ""백신과 치료제는 누가 개발하든 온 인류를 위한 공공재인 만큼 모든 나라가 공정한 접근권을 가져야한다”고 말했다. 좀마루가 대통령은 “백신 및 치료제의 공평한 분배에 대한 생각이 완전히 일치해 매우 기쁘다”며 “백신 및 치료제는 개발도 중요하지만 모두에게 접근권이 필요하다”고 답했다. 문 대통령은 ""서울에 본부를 두고 있는 국제백신연구소는 세계적 수준의 백신 개발 및 분배 연구 역량은 갖추고 있는 세계 유일의 국제기구""라며 스위스 측의 적극적인 참여를 요청했다. 좀마루가 대통령은 요청 사항에 대해 검토한 후 곧 답하겠다고 했다. 남북 화해 협력에 대한 스위스의 지지도 확인했다. 좀마루가 대통령은 “최근 한반도 긴장 고조 상황을  예의주시하고 있다”며 “대통령님의 남북대화 의지를 높이 평가한다”고 말했다. 이어 “스위스는 남북 대화를 지원할 의지가 있고, 지속적으로 한국의 한반도 평화프로세스를 지지한다”고 밝혔다. 문 대통령은 “그간 스위스 정부가 중립국 감독위원회 일원으로 한반도 평화 안정에 기여해 왔으며, 또한 북한 취약계층에 대한 인도적 지원을 지속해 온 노력을 평가한다”며 “한반도평화 프로세스에 지지말씀을 해 주셔서 감사하고 앞으로도 스위스와 계속 소통하면서 협력해 나가고자 한다""고 답했다.강영연 기자 yykang@hankyung.com▶ 네이버에서 한국경제 뉴스를 받아보세요▶ 한경닷컴 바로가기  ▶ 모바일한경 구독신청 ⓒ 한국경제 & hankyung.com, 무단전재 및 재배포 금지"
20,"文대통령, 좀마루가 스위스 대통령과 통화문재인 대통령이 26일 오후 청와대 여민관에서 시모네타 소마루가 스위스 대통령과 전화 통화하고 있다. (사진=연합뉴스)[이데일리 김정현 기자] 문재인 대통령이 시모네타 좀마루가 스위스 대통령이 26일 정상 통화를 갖고 남북대화 지원에 대한 이야기를 나눴다.문 대통령은 이날 좀마루가 대통령의 요청으로 26일 오후 5시부터 35분간 전화통화를 가졌다고 강민석 청와대 대변인이 밝혔다.좀마루가 대통령은 통화에서 “최근 한반도 긴장 고조 상황을 예의주시하고 있다”면서 “대통령님의 남북대화 의지를 높이 평가한다”고 말했다.이어 “스위스는 남북대화를 지원할 의지가 있고, 지속적으로 한국의 한반도 평화프로세스를 지지한다”고 밝혔다.이에 문 대통령은 “그간 스위스 정부가 중립국 감독위원회 일원으로 한반도 평화 안정에 기여해 왔으며, 또한 북한 취약계층에 대한 인도적 지원을 지속해 온 노력을 평가한다”면서 “한반도평화 프로세스에 지지말씀을 해 주셔서 감사하고, 앞으로도 스위스와 계속 소통하면서 협력해 나가고자 한다 “고 했다.두 정상은 코로나19 방역 대응과 백신 관련 이야기도 나눴다. 좀마루가 대통령은 “한국 정부의 코로나19 사태 대응에서 많은 것을 배울 수 있었다”고 평가했다. 문 대통령은 지난 2월말에서 3월초 한국이 국내 신규감염 증가로 어려움을 겪던 시기에 스위스측이 코로나19 검사를 위한 유전자 추출 자동화 시약을 적시에 공급하여 한국내 코로나19 초동대응에 큰 도움을 준 데 대해 감사의 뜻을 밝혔다.문 대통령은 또 “(좀마루가) 대통령께서 6월 초 글로벌 백신 정상회의에서 백신의 연구개발, 생산 및 공정한 배분의 중요성을 강조한 것으로 알고 있는데, 백신과 치료제는 누가 개발하든 온 인류를 위한 공공재인 만큼 모든 나라가 공정한 접근권을 가져야한다”고 공감을 표했다.좀마루가 대통령은 “백신 및 치료제의 공평한 분배에 대한 생각이 완전히 일치해 매우 기쁘다”면서 “백신 및 치료제는 개발도 중요하지만 모두에게 접근권이 필요하다”고 강조했다. 문 대통령은 ”서울에 본부를 두고 있는 국제백신연구소는 세계적 수준의 백신 개발 및 분배 연구역량은 갖추고 있는 세계 유일의 국제기구“라며 스위스 측의 적극적인 참여를 요청했다. 좀마루가 대통령은 검토한 후 곧 답변하겠다고 대답했다.김정현 (thinker@edaily.co.kr)네이버에서 ‘이데일리’ 구독하기▶청춘뉘우스~ 스냅타임▶＜ⓒ종합 경제정보 미디어 이데일리 - 무단전재 & 재배포 금지＞"
21,"[사진=시모네타 소마루가 스위스 대통령 트위터 캡처. 재판매 및 DB 금지](제네바=연합뉴스) 임은진 특파원 = 스위스의 시모네타 소마루가 대통령은 26일(현지시간) 문재인 대통령과 통화에서 한반도 정세에 대해 협의했다고 밝혔다.    그는 트위터에 ""먼 이웃이지만 가까운 문재인 대통령과 본인은 위기의 시기에서도 돈독한 양국 관계를 평가했으며 한반도 정세에 대해 협의했다""고 적었다.    이어 ""스위스는 언제나 (남북) 대화를 지원할 준비가 돼 있다""고 덧붙였다.    양국 정상 간 통화는 소마루가 대통령의 요청으로 35분간 진행됐다.     앞서 강민석 청와대 대변인은 이날 서면 브리핑에서 양국 정상이 교류 증진 방안을 논의했으며, 소마루가 대통령은 문 대통령의 남북 대화 의지를 높이 평가했다고 전했다.    engine@yna.co.kr▶코로나19 속보는 네이버 연합뉴스에서 [구독 클릭]▶[팩트체크] 한국은행이 5만원권 발행 중단?▶제보하기"
22,"남북관계의 긴장이 고조될 때마다 언론은 연평도에 주목한다. 서해 5도 섬 중 북측에 가장 가까운 연평도는 북방한계선에서 불과 1.5km 남짓 떨어져 있다. 날이 맑으면 7km 떨어져 있는 북한의 장재도는 물론이고 북한 측 개머리해안이 눈으로도 보인다. 북한이 개성공단 남북공동연락사무소를 폭파하고 군사훈련 등을 경고하고 나선 지난 2주 동안 연평도에 취재진이 들어가 있었다.기자들은 왜 연평도에 들어가나우리 팀은 후발대로 지난 22일부터 25일까지 연평도에서 머물렀다. TV 뉴스에선 '연평도 주민들이 불안함을 느끼고 있나요?'라고 앵커가 자주 묻곤 했는데, 육지에서 주목하는 것과 달리 연평도 주민들은 덤덤했다. 기자들에게 불안감을 조장하는 기사를 쓰지 말아 달라는 당부도 전했다. 가장 많이 들었던 말은 ""그냥 우린 똑같아요. 별 다른건 없어요.""였다. 다른 게 없다는데 기자들은 왜 남북관계가 악화될 때마다 연평도로 들어와서 똑같은 질문을 던질까?연평도 주민들만이 몸으로 기억하고 있는 순간이 있어서다. 2010년 11월 23일. 연평도 주민들의 삶은 이날 이전과 후로 나뉜다. 그 순간을 기억하는 주민들에 따르면 '바람 한 점 없이 날 좋고, 여객선이 선박장으로 진입하던' 오후 2시 34분, 연평도 해병대 기지와 마을에 포탄 1백여 발이 떨어졌다. 떨어진 포탄에 마을 곳곳엔 불이 붙었고 아우성이 들렸다. 휴전협정 이후 북측이 민간인 거주 지역을 공격한 건 처음이었다. 이날의 공격으로 민간인 2명과 해병대원 2명이 사망했다. ""우린 그냥 똑같아요…그런데""작은 이 섬에서 만나는 사람들은 그 날의 기억을 각자 가지고 있다. 전 어촌계장 출신인 박태원 서해5도 평화수역운동본부 상임대표는 연평도에서 60년 평생을 살았다. 아픈 노모를 모시고 어업을 이어가고 있는 박태원씨를 만났다.지난 2주간 주민들끼린 어떤 얘기를 나눴냐고 물었다. 마을에 '트라우마가 왜 없겠냐'고 그가 되물었다. ""동네 주민들은 포탄이 비처럼 쏟아지던 그 날을 몸으로 기억하고 있다. 국지전이란건 어떻게 일어날지 모르고 안다고 피할 수도 없는 것""이라고 했다. ""대피소로 피하는 것만이 매뉴얼인데 거동이 불편한 노인 분들은 대피소로 혼자 이동도 할 수 없을 거라 걱정한다""고 말했다. ""만약 그 상황이 벌어지면 국가가 주민에게 무엇을 해줄 수 있겠냐""고도 했다.최근 남북관계가 경색되는 걸 뉴스로 접하며 동네 어른들은 ""언제쯤 이 꼴을 그만 볼까"" 얘기한다고 했다. 박태원 씨는 이번엔 시간이 지나면 외교적으로 잘 해결될 거라고 '믿는다'고 덧붙였다. 크게 불안해한다고 바뀔 것은 없으므로 그저 '그렇구나'하며 평소처럼 살거나 아니면 박 씨처럼 나아질 것이라고 믿으며 산다.연평도엔 작은 학교가 있다. 이 곳에서 공부하는 고등학교 3학년 학생은 10명. 고3인 노금구군은 2010년 연평도 포격 당일 아버지만 연평도에 들어가 있었다. 포격 소식이 전해진 뒤 아버지는 전화를 받지 않았다. 엄마가 급하게 방으로 들어가더니 TV를 켰다. TV 안엔 고향인 연평도 마을에 검은 연기가 올라오고 있었다. 초등학교 2학년인 금구 군은 아버지가 혹시 어떻게 된 건 아닐지, 친척들은 어떻게 됐을까 생각하며 하루를 꼬박 보냈다. 밤 10시쯤 '기적같이' 포격으로 휴대폰이 먹통이 됐던 아버지와 연락이 닿았다. 그 뒤 가족은 더 애틋해졌다.""특이사항 없음""북측의 특이동향이 있을지 관찰하는게 나의 하루였다. 아침·저녁으로 해안가나 망향 전망대를 찾아 북쪽을 바라봤다. 우리팀이 도착하기 전인 19일부터 개머리해안의 해안포 일부는 열려 있었다. 해안포가 진짜 포를 배치하는 해안포인지 위장용 해안포인지 해병대 측은 확인해주진 않았다. 다만 군 측이 관찰하기론 북측의 특이동향은 없다고 했다. 그마저도 연평도에 머물렀던 나흘 동안 이틀은 장마와 해무로 아무것도 볼 수 없었다.북측이 예고한 대남 '삐라'가 혹시나 연평도에 떨어질까 싶기도 했다. 바람의 방향을 알려주는 어플을 업데이트하며 확인했지만 날려도 남한으로 넘어올 바람이 아니었다. 새벽 조업도 남북관계의 영향을 받진 않았다. 예전엔 남북관계가 경색되면 군 측이 출항을 통제했던 적도 있었다는데, 최근 2주간 남북관계를 이유로 통제된 적은 없었다. 지난 24일처럼 호우·풍랑주의보가 발효되면 바다에 나가지 못할 뿐이었다.다시, 연평도의 시간관광객도 슬슬 입도하기 시작했다. 한국전쟁이 일어났던 1950년에 태어난 김영수 씨는 23일 연평도를 찾았다. 서해5도 중 연평도만 와보지 못했다며 연평해전과 포격 도발이 있던 이 곳을 꼭 와보고 싶었다고 했다.24일 오전 김정은 국방위원장이 당군사위원회에서 군사행동을 '보류'했다고 노동신문이 보도했다. 강화도 접경지역에선 설치됐던 확성기를 철수하고 있다는 소식도 전해졌다. 연평도에선 해무 때문에 19일 이후로 열려있던 해안포가 다시 닫혔는지 관측되진 않았다. 남북관계에 긴장이 풀리자 취재진이 모여 있던 민박집에서도 각 회사마다 복귀하란 전화가 왔다. 늦으면 다음주 월요일까지 남기로 했던 팀도, 원래 금요일까지 머물 예정이었던 우리 팀도 모두 25일 배를 타고 다시 육지로 왔다. 연평도에서 주민들은 늘 그랬듯, 긴장과 일상이 낯설게 공존하는 그들만의 시간을 살아갈 것이다.신수아 기자(newsua@mbc.co.kr)(영상취재 : 김경락)(신수아)[저작권자(c) MBC (https://imnews.imbc.com) 무단복제-재배포 금지] ▶ 네이버 홈에서 [MBC뉴스] 채널 구독하기▶ 새로움을 탐험하다. ""엠빅뉴스""▶ 뉴스데스크, 6월 29일부터 저녁 8시에 시작합니다.Copyright(c) Since 1996, MBC&iMBC All rights reserved."
23,"국제유소년 축구대회 북한 원산 개최 추진…끈기 있게 나갈 것인터뷰하는 최문순 강원도지사[촬영 양지웅]    (춘천=연합뉴스) 이재현 기자 = 최문순 강원지사는 28일 ""경색 국면으로 접어든 남북 간 희망의 불씨를 살리는 데는 지방자치단체와 민간의 역할이 중요하다""고 밝혔다.    최 지사는 민선 7기 임기 반환점을 맞아 연합뉴스와 가진 인터뷰에서 ""작은 물방울이 끊임없이 떨어지면 돌에 구멍을 낸다는 '세류천석'이라는 말처럼 남북교류 협력사업은 뚜벅뚜벅 끈기 있게 꾸준히 추진해야 한다""며 이같이 강조했다.    그는 ""아리스포츠컵 국제유소년 축구대회의 북한 원산 개최를 지속해서 추진해 남북교류 협력의 물꼬를 트겠다""고 밝혔다.    다음은 최 지사와의 일문일답.    -- 민선 7기 전반기 도정의 주요 성과는.    ▲ 도민의 오랜 염원인 사회간접자본(SOC) 사업의 원활한 추진을 꼽을 수 있다. 제2경춘국도와 동해북부선 강릉∼제진 철도건설사업의 예비타당성 조사 면제, 춘천∼속초 동서고속화 철도 발주 등이 대표적이다. 육아 기본수당 등 보편적 복지제도 도입과 긴급생활안정자금 지원 등 신종 코로나바이러스 감염증(코로나19) 선제 대응도 의미 있는 성과다.    -- 미진한 점은.    ▲ 설악산 오색케이블카 사업의 환경영향평가 부동의와 정선 가리왕산의 합리적 복원 활용에 대한 사회적 합의가 지연되는 점 등은 아쉽다. 방사광 가속기 유치 실패 등 대형 국책사업 공모 선정 탈락도 도민에게 면목 없는 일이다.최문순 강원도지사[촬영 양지웅]    -- 남은 임기 역점 시책은.    ▲ 횡성 전기차 생산공장, 삼척 액체수소 단지, 춘천 수열에너지 클러스터 등 혁신성장 신산업이 실증화 및 상용화 단계에 진입할 수 있도록 하겠다. 제천∼영월 고속도로의 삼척 연장, 춘천∼철원 고속도로, 용문∼홍천 철도 건설 등 SOC 사업도 임기 내에 결정될 수 있도록 하겠다.    -- 남북 관계가 위기다. 해법은.    ▲ 지자체 최초로 남북교류 협력사업을 시작한 도는 20년의 경험이 있다. 그 사이 2010년 연평도 포격과 천안함 폭침, 2017년 6차 북한 핵실험 등 수 많은 어려움이 있었다. 남북 간 희망의 불씨를 살리는 데는 지자체와 민간의 역할이 중요하다. 어려운 상황이지만 국제유소년 축구대회의 북한 원산 개최를 끈기 있게 추진하겠다.    -- '재난지원금 소비 전도사', '농산물 완판남'이라는 긍정 평가 이면에 레고랜드 등 현안은 부정 평가가 많은데.    ▲ 레고랜드 테마파크 조성사업에 대해 도민들에게 송구하다. 착공식만 세 번이나 하면서 10여년이라는 세월이 흘렀으니 부정 평가가 나올 만도 하다. 영국 멀린사가 직접 시행하면서 테마파크 및 기반시설 공정률은 각 24％와 17％다. 올해 여름이면 테마파크다운 모습을 갖출 것으로 보인다. 알펜시아 매각은 다수의 국내 투자그룹, 해외 국제금융투자 그룹 등과 지속해서 협의 중이다.웃음 짓는 최문순 강원도지사[촬영 양지웅]    -- 공약 이행률이 더디다는 평가가 있다. 남은 임기 공약 추진 방안은.    ▲ 공약 78개 중 14개 공약을 완료했다. 나머지 44개 공약은 정상 추진 중이고 11개 공약도 일부 추진 중이다. 공약 추진율은 87.2％에 달한다. 주요 공약 달성 및 완료율을 높일 수 있도록 노력하겠다.    -- 설악산 오색케이블카 재추진 논란이 있는데.    ▲ 케이블카 사업은 설악산의 자연환경을 복원하고 남녀노소 누구나 산을 탐방할 수 있는 국민 권리인 '문화 향유권' 보장을 위한 사업이다. 주민 고용효과와 연 1천520억원의 경제 효과 등 공익적 측면도 강하다. 중앙행정심판위원회에 '환경영향평가 협의에 따른 부동의 처분을 취소해 달라'는 행정심판을 청구했다. 반드시 승소해 사업이 재추진될 수 있도록 하겠다.    -- 도민에게 하고 싶은 말은.    ▲ 코로나19 상황이 언제 끝날지 예측할 수 없다. 확산 방지를 위한 방역과 지역 경제 살리기 정책을 병행 추진하고 있다. 힘드시겠지만 조금 더 힘을 내달라고 당부드리고 싶다.    jlee@yna.co.kr▶코로나19 속보는 네이버 연합뉴스[구독 클릭]▶[팩트체크]'인국공 사태'로 취준생 피해?▶제보하기"
24,"평창올림픽이 마중물 역할…원산 유소년축구대회가 희망""남북평화는 강원도의 경제이자 미래…일희일비하지 않아최문순 강원도지사[촬영 양지웅]    (춘천=연합뉴스) 이재현 기자 = 최문순 강원도지사는 28일 ""2018 평창동계올림픽이 남북화해 협력의 마중물이 됐듯이 강원도가 아리스포츠컵 국제유소년 축구대회의 북한 원산 개최를 지속 추진해 남북교류 협력의 물꼬를 트겠다""고 밝혔다.    취임 2주년을 맞는 최 지사는 이날 연합뉴스와 인터뷰를 하고 ""2017년 북한의 6차 핵실험 등으로 어려웠던 상황에서도 남북 학생 체육 교류의 핵심 사업 중 하나인 국제유소년 축구대회를 춘천과 평양에서 치러낸 경험이 있다""며 이같이 강조했다.    추진 경과에 관해 그는 ""원산에서 열린다면 남북 관계에 본질적인 변화를 가져올 수 있는 만큼 우리뿐 아니라 북측도 유소년 축구대회에 거는 기대가 클 것""이라며 ""북측에 끊임없이 편지를 보내고 재촉도 하고 있지만, 지금은 난관에 봉착한 상황""이라며 아쉬움을 표했다.    최 지사는 ""남북 간 희망의 불씨를 살리는 데 지자체와 민간의 역할이 중요하다""며 ""남북 정세에 상관없이 인도적 차원의 지원은 계속돼야 한다는 생각에는 변함이 없다""고 말했다.인터뷰하는 최문순 강원도지사[촬영 양지웅]    그는 ""강원도는 세계 유일의 분단된 지방자치단체로, 지난 70년간 분단과 냉전의 피해를 본 지역""이라며 ""도민에게 평화는 안전과 먹고사는 문제가 걸린 생존의 조건인 만큼 남북평화는 곧 강원도의 경제이자 미래""라고 거듭 강조했다.    최 지사는 ""남북 관계가 경색 분위기지만 일희일비하지 않고 흔들림 없이 협력과 교류를 추진하다 보면 좋은 기회가 온다""며 ""강원도민의 뚝심으로 미련하다 싶을 정도로 계속 밀어붙여 나가겠다""고 밝혔다.    최근 대북 전단 살포에 대해 그는 ""4·27 판문점 선언으로 확성기 방송과 전단 살포 등 모든 적대행위를 중지하기로 남북이 합의했는데, 다소 느슨해진 부분이 있다""며 ""정부도 합의사항 준수를 위해 단호히 대처해야 한다""고 조언했다.    jlee@yna.co.kr▶코로나19 속보는 네이버 연합뉴스[구독 클릭]▶[팩트체크]'인국공 사태'로 취준생 피해?▶제보하기"
25,"北 김영철, 군사행동 완전철회 요구한 정경두 장관에 '자중'北 ""우리의 '보류'가 '재고'로 될 때는 재미없을 것"" 압박 ""南 태도·행동에 따라 남북관계 전망 예측할 수 있는 시점""北, 남북관계 반전 가능성 제기하며 정부에 행동 촉구 메시지 김여정 막말 ·남북연락사무소 폭파에 따른 국내 여론도 변수[CBS노컷뉴스 김학일 기자]지난 23일 인천시 강화군 평화전망대에서 바라본 북한 황해북도 개풍군의 모습. (사진=이한형 기자/자료사진)북한 김정은 국무위원장이 24일 대남 군사행동계획의 보류를 지시한 데 이어 김영철 노동당 중앙위원회 부위원장이 담화를 냈다. ""대남 군사행동의 보류가 아니라 완전히 철회해야 한다""는 정경두 국방부 장관의 국회 법사위 발언을 문제로 삼았다. 북한 김영철 당 중앙위원회 부위원장은 이날 저녁 발표한 담화에서 정경두 장관의 국회 발언을 겨냥해 ""남조선 '국방부'의 때 없는 실언 탓에 남북관계에서 더 큰 위기상황이 오지 말아야 한다""고 밝혔다. 그러면서 김영철 부위원장은 ""남조선 당국의 차후 태도와 행동 여하에 따라 남북관계 전망에 대해 점쳐볼 수 있는 이 시점에서 남조선 '국방부' 장관이 기회를 틈타 체면을 세우는데 급급하며 불필요한 허세성 목소리를 내는 경박하고 우매한 행동을 한데 대하여 대단히 큰 유감을 표하지 않을 수 없다""고 말했다.김 부위원장은 정경두 국방부 장관의 국회 발언에 대해 '도가 넘는 실언', '매우 경박한 처사'라는 비판을 이어가면서, ""자중이 위기 극복의 '열쇠'라는 것을 알아야 한다""고 강조했다. 김 부위원장은 대남 군사행동계획의 보류에 따라 ""추진 중에 있던 일련의 대남 행동들도 중지시키는 조치가 취해졌다""며, 확성기 설치와 삐라 살포 등 대남 조치가 중단됐음을 사실상 확인했다. (사진=사진공동취재단/자료사진)김영철 부위원장의 발언에서 눈에 띄는 것은 현재 시점을 ""남조선 당국의 차후 태도와 행동 여하에 따라 남북 관계 전망에 대해 점쳐볼 수 있는 시점""이라고 밝힌 대목이다.북한이 대남군사행동계획의 완전 철회를 촉구한 정경두 장관의 발언에 선을 그으면서 남북 관계의 진전에 여지를 두며 우리 정부의 행동을 요구한 것으로 풀이된다. 김여정 제1부부장이 탈북민 단체의 대북전단 살포를 이유로 대남강경노선을 주도하더니, 김정은 위원장이 전격 나서 군사행동의 보류를 지시하고, 이어서 김영철 부위원장이 '자중'을 요구하며 우리 정부의 태도 변화를 촉구한 셈이다. 김영철 부위원장은 대남군사행동 계획이 어디까지나 '보류'이며, 향후 상황 전개에 따라 다시 꺼내들 수 있는 카드라는 점을 분명히 하면서 남북대화의 가능성도 제기한 것으로 풀이된다. 김영철 부위원장은 ""우리의 '보류'가 '재고'로 될 때는 재미없을 것""이라고 위협하면서 ""조선반도의 군사적 긴장 완화는 일방의 자제와 선의적인 행동의 결과만으로는 실현될 수 없으며 상호존중과 신뢰에 기초한 쌍방의 노력과 인내에 의해서만 비로소 지켜지고 담보될 수 있을 것""이라고 강조했다. 김영철의 담화는 최전방 확성기 철거, 대내외 매체의 대남 비난기사 삭제 등과 마찬가지로 대남군사계획 보류결정의 후속조치로 평가된다. 극도의 긴장 국면에 놓인 남북관계는 이런 조치로 분명 숨고르기에 들어갔다. 특히 김영철 담화는 우리 정부가 어떻게 나오느냐에 따라 악화일로를 걷던 남북관계에서 반전이 가능하다는 여지를 준 것으로도 풀이된다. 그러나 김여정 제1부부장의 도를 넘는 막말에다가, 4.27 판문점 선언을 상징하는 남북공동연락사무소의 폭파로 국내 대북여론이 급격히 악화된 상황에서 남북관계가 급진전하기는 쉽지 않을 것이라는 전망이다. 김여정 제1부부장의 강경 드라이브에 이어 김정은 위원장이 전격적인 행보로 상황을 정리한 가운데,  김영철 부위원장이 정경두 장관의 발언을 비판하며 일종의 반전 가능성 메시지를 시사한 것은 의도가 있다는 분석이다.▶ 기로에 선 남북관계 관련기사 모음▶ 클릭 한 번이면 노컷뉴스 구독!▶ 보다 나은 세상, 노컷브이와 함께khi@cbs.co.kr저작권자 © CBS 노컷뉴스 무단전재 및 재배포 금지"
26,"[앵커]북한은 어제 대남 군사행동을 보류하겠다며 남북 관계 긴장 국면에 제동을 걸었죠.그런데 김영철 노동당 중앙위원회 부위원장이 어젯밤 담화문을 내고, 정경두 국방부 장관을 겨냥해 실언하지 말고 자중하라고 경고했습니다.또 남측의 향후 태도와 행동에 따라 남북관계 전망을 점쳐볼 수 있을 거라며 여지도 남겼습니다.취재기자 연결합니다. 황혜경 기자!어젯밤 김영철 북한 노동당 중앙위 부위원장이 정경두 국방부 장관을 콕 집어서 자중하라고 경고했다고요.[기자]어제 김정은 북한 국무위원장이 대남 군사행동을 보류하라고 지시한 데 대해 정경두 국방부 장관이 한 말 때문인데요.먼저 정 장관 발언부터 들어보겠습니다.[정경두 / 국방부 장관 : 우리 정부는 일관되게 4·27 판문점 선언과 9·19 군사합의가 반드시 지켜져야 한다고 발표해왔습니다. 지금 북한에서 (대남 군사행동을) 보류한다고 했는데 저는 완전히 철회해야 한다고 생각합니다.]김영철 부위원장은 이 발언을 콕 집어서 불필요한 허세 발언이고 경박하고 우매한 행동이었다고 비난했습니다.또 남측 국방부의 실언 때문에 남북 관계에 더 큰 위기 상황이 오지 말아야 한다며, 자중이 위기 극복의 열쇠라는 걸 알아야 한다고 경고했습니다.다만 김 부위원장은 같은 글에서 지금이 남측 당국의 향후 태도와 행동에 따라 남북 관계 전망을 점쳐볼 수 있는 시점이라고 언급해 눈길을 끌었는데요.우리 정부의 여러 적극적 조치에도 불구하고 남북관계를 파국으로 몰고 가던 북한이 잠시 수위를 낮추고 우리 정부의 대응과 미국 측의 반응 등을 살펴보고 있는 것으로 해석되는 대목입니다.북한은 앞서 지난 23일 김정은 북한 국무위원장 주재로 열린 당 중앙군사위 예비회의에서, 대남 군사행동 계획을 보류하기로 했는데요.곧바로 지난 일요일 재설치에 나섰던 비무장지대 내 대남 확성기 시설을 다시 철거하고, 북한 대내외 매체들에서 우리 정부를 비난하는 기사도 모두 삭제했습니다.또 오늘도 한국전쟁 70주년임에도 불구하고 전쟁 발발의 책임을 미국에 돌리는 통상적인 내용 외에는 북한 주민들이 보는 노동신문이나 내각 기관지 민주조선 등 관영매체에 대남 비판 기사는 전혀 싣지 않은 것으로 확인됐습니다.이에 대해 통일부 당국자는 북한이 결정적 순간에 군사 행동 계획을 보류하기로 한 것은 긍정적이라면서 향후 남북 관계도 개선하고 서로 대화를 통해서 상호 관심사들이 협의될 수 있기를 바란다고 밝혔습니다.지금까지 YTN 황혜경입니다.[저작권자(c) YTN & YTN PLUS 무단전재 및 재배포 금지] ▶ 이 시각 코로나19 확진자 현황을 확인하세요.  ▶ 대한민국 대표 뉴스 채널 YTN 생방송보기  ▶ 네이버에서 YTN 뉴스 채널 구독하기"
