,contents
0," LCD BLU�젣議� �뀒留� 二쇱슂 醫낅ぉ �벑�씫瑜좎뵿�겕��� 濡쒕낫�븣怨좊━利� RASSI�쓽 遺꾩꽍�뿉 �뵲瑜대㈃, �씠�씪�씠肄ㅼ쓽 ����듃 �옱臾� �젏�닔�뒗 33.43�젏�쑝濡� �뀒留� �궡�뿉�꽌 2�쐞瑜� 李⑥���뻽�떎. �씠�씪�씠肄ㅼ�� �듅�엳 �옱臾� �븞�젙�꽦 �젏�닔媛� 鍮꾧탳�쟻 �넂��� �렪�씠�뿀�떎. �씠�뒗 �옱臾댁쟻�씤 痢〓㈃�뿉�꽌 �씠�씪�씠肄ㅼ쓽 ����궡�쇅 寃쎌젣�솚寃� 蹂��솕�뿉 ����븳 ����쓳 �뒫�젰�씠 �뀒留� �궡 �떎瑜� 醫낅ぉ�뿉 鍮꾪빐 �뼇�샇�븯�떎�뒗 寃껋쓣 �쓽誘명븳�떎.[�몴] �뀒留덈궡 �옱臾댁젏�닔 �긽�쐞 醫낅ぉ��� ����듃 �옱臾� �젏�닔�뒗 濡쒕낫�븣怨좊━利섏씠 媛� 湲곗뾽�쓽 留ㅼ텧�븸利앷���쑉, �옄湲곗옄蹂몄쬆媛��쑉, 遺�梨꾨퉬�쑉, �쑀�룞鍮꾩쑉, ROA, ROE �벑�쓣 �넗���濡� 遺꾩꽍�븳 寃곌낵�씠�떎.��� �씠 湲곗궗�뒗 �븘�떆�븘寃쎌젣��� 湲덉쑖 AI �쟾臾멸린�뾽 �뵿�겕����씠 怨듬룞 媛쒕컻�븳 湲곗궗 �옄�룞�깮�꽦 �븣怨좊━利섏뿉 �쓽�빐 �떎�떆媛꾩쑝濡� �옉�꽦�맂 寃껋엯�땲�떎. �븘寃쎈큸 湲곗옄"
1," LCD BLU�젣議� �뀒留� 二쇱슂 醫낅ぉ �벑�씫瑜�12�떆 53遺꾩뿉 �옞�젙 吏묎퀎�맂 �젙蹂댁뿉 �뵲瑜대㈃ �궪吏꾩뿕�븻�뵒�뒗 �쇅援��씤�씠 -4.47留뚯＜瑜� �닚留ㅻ룄 以묒씠�떎.[�몴] �쇅援��씤�냽湲곌�� �닚留ㅻℓ�웾 (�떒�쐞 留뚯＜)�뵿�겕��� 濡쒕낫�븣怨좊━利� RASSI�쓽 遺꾩꽍�뿉 �뵲瑜대㈃, �궪吏꾩뿕�븻�뵒�쓽 ����듃 �옱臾� �젏�닔�뒗 31.32�젏�쑝濡� LCD BLU�젣議� 愿��젴 �떎瑜� 醫낅ぉ �룊洹� 蹂대떎 �꽦�옣�꽦怨� �븞�젙�꽦 �젏�닔媛� �넂吏�留�, ����듃 �옱臾� �닚�쐞�뒗 3�쐞(珥� 4醫낅ぉ)�뿉 洹몄낀�떎. 諛섎㈃�뿉 �븳�넄�뀒�겕�땳�뒪�뒗 �떎瑜� 醫낅ぉ �룊洹� ���鍮� �넂��� �꽦�옣�꽦怨� �븞�젙�꽦, �닔�씡�꽦 �젏�닔濡� ����듃 �옱臾� �닚�쐞 1�쐞瑜� 李⑥���뻽�떎.[�몴] �뀒留덈궡 �옱臾댁젏�닔 �긽�쐞 醫낅ぉ��� ����듃 �옱臾� �젏�닔�뒗 濡쒕낫�븣怨좊━利섏씠 媛� 湲곗뾽�쓽 留ㅼ텧�븸利앷���쑉, �옄湲곗옄蹂몄쬆媛��쑉, 遺�梨꾨퉬�쑉, �쑀�룞鍮꾩쑉, ROA, ROE �벑�쓣 �넗���濡� 遺꾩꽍�븳 寃곌낵�씠�떎.��� �씠 湲곗궗�뒗 �븘�떆�븘寃쎌젣��� 湲덉쑖 AI �쟾臾멸린�뾽 �뵿�겕����씠 怨듬룞 媛쒕컻�븳 湲곗궗 �옄�룞�깮�꽦 �븣怨좊━利섏뿉 �쓽�빐 �떎�떆媛꾩쑝濡� �옉�꽦�맂 寃껋엯�땲�떎. �븘寃쎈큸 湲곗옄"
2," LCD BLU�젣議� �뀒留� 二쇱슂 醫낅ぉ �벑�씫瑜좎뵿�겕��� 濡쒕낫�븣怨좊━利� RASSI�쓽 遺꾩꽍�뿉 �뵲瑜대㈃, �씠�씪�씠肄ㅼ쓽 ����듃 �옱臾� �젏�닔�뒗 32.17�젏�쑝濡� �뀒留� �궡�뿉�꽌 2�쐞瑜� 李⑥���뻽�떎. �씠�씪�씠肄ㅼ�� �듅�엳 �옱臾� �븞�젙�꽦 �젏�닔媛� 鍮꾧탳�쟻 �넂��� �렪�씠�뿀�떎. �씠�뒗 �옱臾댁쟻�씤 痢〓㈃�뿉�꽌 �씠�씪�씠肄ㅼ쓽 ����궡�쇅 寃쎌젣�솚寃� 蹂��솕�뿉 ����븳 ����쓳 �뒫�젰�씠 �뀒留� �궡 �떎瑜� 醫낅ぉ�뿉 鍮꾪빐 �뼇�샇�븯�떎�뒗 寃껋쓣 �쓽誘명븳�떎.[�몴] �뀒留덈궡 �옱臾댁젏�닔 �긽�쐞 醫낅ぉ��� ����듃 �옱臾� �젏�닔�뒗 濡쒕낫�븣怨좊━利섏씠 媛� 湲곗뾽�쓽 留ㅼ텧�븸利앷���쑉, �옄湲곗옄蹂몄쬆媛��쑉, 遺�梨꾨퉬�쑉, �쑀�룞鍮꾩쑉, ROA, ROE �벑�쓣 �넗���濡� 遺꾩꽍�븳 寃곌낵�씠�떎.��� �씠 湲곗궗�뒗 �븘�떆�븘寃쎌젣��� 湲덉쑖 AI �쟾臾멸린�뾽 �뵿�겕����씠 怨듬룞 媛쒕컻�븳 湲곗궗 �옄�룞�깮�꽦 �븣怨좊━利섏뿉 �쓽�빐 �떎�떆媛꾩쑝濡� �옉�꽦�맂 寃껋엯�땲�떎. �븘寃쎈큸 湲곗옄"
3," LCD BLU�젣議� �뀒留� 二쇱슂 醫낅ぉ �벑�씫瑜좎뵿�겕��� 濡쒕낫�븣怨좊━利� RASSI�쓽 遺꾩꽍�뿉 �뵲瑜대㈃, �궪吏꾩뿕�븻�뵒�쓽 ����듃 �옱臾� �젏�닔�뒗 31.14�젏�쑝濡� LCD BLU�젣議� 愿��젴 �떎瑜� 醫낅ぉ �룊洹� 蹂대떎 �꽦�옣�꽦怨� �븞�젙�꽦 �젏�닔媛� �넂吏�留�, ����듃 �옱臾� �닚�쐞�뒗 3�쐞(珥� 4醫낅ぉ)�뿉 洹몄낀�떎. 諛섎㈃�뿉 �븳�넄�뀒�겕�땳�뒪�뒗 �떎瑜� 醫낅ぉ �룊洹� ���鍮� �넂��� �꽦�옣�꽦怨� �븞�젙�꽦, �닔�씡�꽦 �젏�닔濡� ����듃 �옱臾� �닚�쐞 1�쐞瑜� 李⑥���뻽�떎.[�몴] �뀒留덈궡 �옱臾댁젏�닔 �긽�쐞 醫낅ぉ��� ����듃 �옱臾� �젏�닔�뒗 濡쒕낫�븣怨좊━利섏씠 媛� 湲곗뾽�쓽 留ㅼ텧�븸利앷���쑉, �옄湲곗옄蹂몄쬆媛��쑉, 遺�梨꾨퉬�쑉, �쑀�룞鍮꾩쑉, ROA, ROE �벑�쓣 �넗���濡� 遺꾩꽍�븳 寃곌낵�씠�떎.��� �씠 湲곗궗�뒗 �븘�떆�븘寃쎌젣��� 湲덉쑖 AI �쟾臾멸린�뾽 �뵿�겕����씠 怨듬룞 媛쒕컻�븳 湲곗궗 �옄�룞�깮�꽦 �븣怨좊━利섏뿉 �쓽�빐 �떎�떆媛꾩쑝濡� �옉�꽦�맂 寃껋엯�땲�떎. �븘寃쎈큸 湲곗옄"
4,"��쒕���웾 �깮�궛쨌�쟾�궗 湲곗닠 �쁺�떊 �넻�븳 �썝媛� �젅媛먯씠 愿�嫄닳��(吏��뵒�꽬肄붾━�븘=沅뚰삙誘�  湲곗옄)�궪�꽦�쟾�옄 媛��젙�슜 留덉씠�겕濡� LED TV媛� �씠瑜대㈃ 9�썡 異쒖떆�맆 寃껋쑝濡� �븣�젮吏�硫댁꽌 �궪�꽦 媛꾪뙋 TV �젣�뭹�씤 QLED瑜� �엲�뒗 李⑥꽭��� TV �긽�뭹�씠 �맆 �닔 �엳�쓣吏� �뾽怨� 愿��떖�씠 �룧由곕떎.留덉씠�겕濡� LED�뒗 留ㅼ슦 �옉��� LED�떎. �옉�븘�꽌 �뜑 媛뺣젰�븯�떎. 湲곗〈 ���鍮� �빟 15諛� �옉�븘吏� 珥덉냼�삎 LED �냼�옄媛� 珥섏킌�븯寃� 諛곗뿴�뤌 �뜑�슧�뜑 �꽭諛��븳 �솕吏덉쓣 援ы쁽�븳�떎. OLED��� QLED�쓽 �븳怨꾨�� �꽆�뼱�꽑�떎怨� �룊媛�諛쏅뒗�떎. �떎留� �긽�슜�솕瑜� �쐞�빐�꽑 鍮꾩슜 臾몄젣瑜� �빐寃고빐�빞 �븳�떎.7�씪(�쁽吏��떆媛�) 誘멸뎅 �씪�뒪踰좎씠嫄곗뒪�뿉�꽌 �뿴由щ뒗 �꽭怨� 理쒕�� �쟾�옄 �쟾�떆�쉶 CES 2020�뿉�꽌 �궪�꽦�쟾�옄 �쟾�떆愿��쓣 諛⑸Ц�븳 愿��엺媛앸뱾�씠 150�삎�쓽 2020�뀈�삎 留덉씠�겕濡� LED ��섎뜑 �썡��숈쓣 �궡�렣�뼚 QLED �엲�뒗 �궪�꽦�쟾�옄 李⑥꽭��� TV �뵒�뒪�뵆�젅�씠?2017�뀈 異쒖떆�맂 QLED�뒗 �궪�꽦�쟾�옄�쓽 �봽由щ�몄뾼 TV 釉뚮옖�뱶�떎. 吏��궃�빐 9�썡 湲곗���쑝濡� 湲�濡쒕쾶 �늻�쟻 �뙋留ㅻ웾 540留뚮��瑜� �룎�뙆�븳 �궪�꽦 媛꾪뙋 �긽�뭹�씠�떎. 湲곕낯�쟻�쑝濡� LCD TV�쓽 諛깅씪�씠�듃 �쑀�떅(BLU)�뿉 ��섏뼇�옄�젏媛쒖꽑�븘由�(QDEF)��숈쓣 遺�李⑺빐 �깋 �옱�쁽�쑉�쓣 �걣�뼱�삱由� 援ъ“�떎.�씠嫄댁옱 IBK�닾�옄利앷텒 �뿰援ъ썝��� ��쒖궪�꽦�쟾�옄�뒗 �뼢�썑 2�뀈 �젙�룄 ����삎 QLED TV �젣�뭹�쑝濡� �떆�옣 1�쐞 �쐞移섎�� �닔�꽦�븷 媛��뒫�꽦�씠 �넂吏�留� 李⑥꽭��� 湲곗닠�쓣 �솢�슜�븳 異붽�� �젣�뭹 �씪�씤�뾽�씠 �븘�슂�븳 �긽�솴��앹씠�씪怨� �꽕紐낇뻽�떎.�궪�꽦�쟾�옄 李⑥꽭��� TV �뵒�뒪�뵆�젅�씠濡쒕뒗 留덉씠�겕濡� LED, QD �뵒�뒪�뵆�젅�씠, QNED �벑�씠 瑗쏀엺�떎. 留덉씠�겕濡� LED�뒗 �궪�꽦�쟾�옄 �쁺�긽�뵒�뒪�뵆�젅�씠(VD) �궗�뾽遺�媛� 二쇱껜媛� �릺怨�, QD �뵒�뒪�뵆�젅�씠��� QNED�뒗 �궪�꽦�뵒�뒪�뵆�젅�씠媛� 二쇰룄�븯�뒗 寃껋쑝濡� �븣�젮議뚮떎.(�옄猷�=KTB�닾�옄利앷텒)�씠 媛��슫�뜲 留덉씠�겕濡� LED �뵒�뒪�뵆�젅�씠媛� �긽�슜�솕��� 媛��옣 媛�源뚯씠 �엳�떎. �궪�꽦�쟾�옄�뒗 �삱 珥� CES�뿉�꽌 留덉씠�겕濡� LED瑜� �쟻�슜�븳 ��섎뜑 �썡��� 75�삎쨌88�삎쨌93�삎쨌110�삎 �씪�씤�뾽�쓣 怨듦컻�븯怨� �븯諛섍린遺��꽣 蹂멸꺽 異쒖떆�뿉 �뱾�뼱媛� 寃껋씠�씪怨� 諛앺삍�떎.�뾽怨� 愿�怨꾩옄�뒗 ��쒖궪�꽦�쟾�옄�뒗 �씠瑜대㈃ 9�썡�뿉 留덉씠�겕濡� LED TV瑜� 異쒖떆�븷 怨꾪쉷��앹씠�씪硫� ��쏧FA �쁽�옣�뿉�꽌 �븯諛섍린 �떊�젣�뭹�씠 怨듦컻�릺�뒗 寃쏀뼢�씠 �엳�떎��앷퀬 留먰뻽�떎. �씠�뼱 ""�궪�꽦��� 留덉씠�겕濡� LED TV��� QLED TV�쓽 �닾�듃�옓 �쟾�왂�뿉 吏묒쨷�븷 寃�""�씠�씪怨� �뜤遺숈���떎.�뼚 媛��젙�슜 留덉씠�겕濡� LED TV? 鍮꾩슜 臾몄젣 癒쇱�� �빐寃고빐�빞!�떎留� �긽�슜�솕瑜� �쐞�빐�꽑 鍮꾩슜 臾몄젣瑜� �빐寃고빐�빞 �븳�떎. 留덉씠�겕濡� LED�뒗 LED �냼�옄瑜� �씪�씪�씠 湲고뙋�뿉 �삷寃� �떖�뼱�빞 �븯�뒗 �깭�깮�쟻 �븳怨� �븣臾몄뿉 �젣議곗뿉 �떆媛꾧낵 鍮꾩슜�씠 留롮씠 �븘�슂�븯�떎. �쁽�옱�쓽 �젣議곌났�젙��� 珥덈���삎 �뙣�꼸 �젣�옉�쓣 �쐞�빐 �삤�옖 �젣議� �떆媛꾩씠 �븘�슂�븯�떎.�뵒�뒪�뵆�젅�씠 �뾽怨� 愿�怨꾩옄�뒗 ��쒖궪�꽦�쟾�옄 VD �궗�뾽遺��뒗 OLED瑜� �궗�슜�븯吏� �븡�뒗�떎�뒗 �겙 �썝移숈쓣 �젙�빐 �넃怨� ���吏곸씠怨� �엳�떎��앸ŉ ��쒓렇�옒�꽌 �궡�넃��� 理쒖긽�쐞 湲곗닠�씠 諛붾줈 留덉씠�겕濡� LED��앸씪怨� 留먰뻽�떎. �삉 ��쒕떦�옣 留뚮뱾 �닔�뒗 �엳吏�留� 媛�寃⑹씠 �꼫臾� 鍮꾩떬 TV��앸씪怨� �뜤遺숈���떎.�씠�뼱 ��쒕쭏�씠�겕濡� LED 湲곗닠 媛쒕컻 �냽�룄�뿉 �뵲�씪 �떦�뿰�엳 �씠蹂대떎 媛�寃⑹씠 �궙�븘吏� 寃껋씠�씪怨� 蹂몃떎��앸ŉ ��쒗븯吏�留� �궪�꽦�쟾�옄 諛쒗몴���濡� 媛꾨떎怨� �빐�룄 3�뀈��� 吏��굹�빞 �떆�옣�꽦 �엳�뒗 媛�寃⑹쑝濡� �뙏 �닔 �엳吏� �븡�쓣源� �떢�떎��앷퀬 諛앺삍�떎.源��쁺�슦 SK利앷텒 �뿰援ъ썝��� ��쒕쭏�씠�겕濡� LED�쓽 �깭�깮�쟻 �븳怨꾨줈 �씤�븳 �궙��� 媛�寃� 寃쎌웳�젰��� �떆媛꾩쓣 �뱾�뿬 �꽆�뼱�빞 �븷 �궛��앹씠�씪硫� ��쒕���웾 �깮�궛 泥댁젣 誘명솗蹂대줈 �븘吏곸�� �옱猷뚮퉬媛� �넂�떎��앷퀬 �쟾�뻽�떎. �씠�뼱 ��쒕���웾 �깮�궛 諛� �쟾�궗 湲곗닠 �쁺�떊�쓣 �넻�븳 �썝媛� �젅媛먯씠 愿�嫄닳�앹씠�씪怨� �뜤遺숈���떎.沅뚰삙誘� 湲곗옄"
5," �삤�뒗 9�썡濡� 異쒕쾾 10二쇰뀈�쓣 留욌뒗 �젣二쇳뀒�겕�끂�뙆�겕(Jeju Technopark)媛� �젣2�쓽 �룄�빟�쓣 �꽑�뼵�뻽�떎. 蹂��솕��� �쁺�떊�쓣 �넻�빐 �젣二쇰룄�궡 湲곗뾽�뱾�씠 媛��옣 癒쇱�� 李얜뒗 �넄猷⑥뀡 �뙆�듃�꼫�쓽 �뿭�븷�쓣 怨듦퀬�엳 �븯寃좊떎�뒗 寃껋씠�떎.    �뼚 湲곗닠�쁺�떊�꽦�옣 �뵪�븮 肉뚮━怨� 吏��냽媛��뒫 寃쎌젣 �뿭�젏 異붿쭊  �깭�꽦湲� �젣二쇳뀒�겕�끂�뙆�겕 �썝�옣(66)��� ��쒓린�뾽��� 吏��뿭寃쎌젣 �솢�젰�쓽 �썝�룞�젰�씠硫�, 湲곗뾽�쓽 吏��냽�쟻 �꽦�옣��� �젣二쇳뀒�겕�끂�뙆�겕�쓽 梨낆엫��앹씠�씪怨� 媛뺤“�뻽�떎. �삉 ��쒗뼢�썑 2�뀈 �룞�븞 �젣二쇳삎 媛뺤냼湲곗뾽 40媛쒖궗(�쁺�떊�꽦�옣 15怨냈룹뒪��� 20怨냈룰컯�냼踰ㅼ쿂 20怨�)瑜� �쑁�꽦�븯怨�, 3媛� 湲곗뾽�쓣 �옄蹂몄떆�옣(肄붾꽖�뒪쨌肄붿뒪�떏)�뿉 �긽�옣 媛��뒫�븯�룄濡� �넗���瑜� 留덈젴�븯寃좊떎��쒓퀬 諛앺삍�떎.   肄붾꽖�뒪�뒗 �옄蹂몄떆�옣怨� 湲곗뾽 �궗�씠 `�꽦�옣 �궗�떎由�` 媛��슫�뜲 泥� �떒怨꾨떎. 肄붿뒪�뵾��� 肄붿뒪�떏�뿉 �긽�옣 臾명꽦�씠 �궙�떎. 誘멸뎅�쓽 �굹�뒪�떏�쓣 紐⑤뜽濡� 留뚮뱺 肄붿뒪�떏��� 利앹떆�뿉�꽌 以묒냼쨌踰ㅼ쿂湲곗뾽�뱾�쓽 �옄蹂몄“�떖�떆�옣�씠�옄 �닾�옄留덈떦 �뿭�븷�쓣 �닔�뻾�븳�떎.   �깭 �썝�옣��� �듅�엳 ���2李� �궛�뾽�쓽 湲곕컲�씠 遺�議깊븳 �젣二쇱���뿭�뿉 湲곗닠�쁺�떊�쓽 �뵪�븮�쓣 肉뚮━怨� 吏��냽媛��뒫�븳 寃쎌젣�꽦�옣�뿉 �씠諛붿���븯湲� �쐞�빐 吏��뿭 �쁽�븞 �씠�뒋 �빐寃곌낵 �젣二쇳삎 �꽦�옣�룞�젰 �솗蹂댁뿉 �뿭�젏�쓣 �몢寃좊떎��앷퀬 留먰뻽�떎.    �뼚 �룓�옄�썝 �궛�뾽�솕쨌怨듭쑀二쇱감���吏��뿭�쁽�븞 �씠�뒋 �빐寃� �굹�꽌  �젣二쇳뀒�겕�끂�뙆�겕媛� �젣�떆�븳 吏��뿭 �쁽�븞 �씠�뒋�뒗 �뼴二쇱감�궃 �빐�냼 怨듭쑀二쇱감 �뵆�옯�뤌 援ъ텞 �뼴����웾 諛쒖깮 �쑀湲곗꽦 �룓�옄�썝 �궛�뾽�솕 媛쒕컻 �뼴鍮낅뜲�씠�꽣瑜� �솢�슜�븳 異빧룹닔�궛 �뒪留덊듃�뙗 援ъ텞 �뼴�젣二쇳뼢 �냽湲곌퀎 媛쒕컻�씠�떎.   �삉 �뼴泥��젙 �젣二쇱옄�썝�쓽 李⑤퀎�솕 媛�移� 援ъ텞 �뼴ICT�닾�뼱由ъ쬁(�뒪留덊듃 愿�愿�) �뼴�쑕�뼇�삎 �쓽猷뚯궛�뾽 �쑀移� 吏��썝�쓣 �젣二쇳삎 �꽦�옣�룞�젰�쑝濡� 瑗쎌븯�떎.   �젣二쇳뀒�겕�끂�뙆�겕�뒗 �씠�뿉 �뵲�씪 �쁽�옱 �궗臾쇱씤�꽣�꽬(IoT) 湲곗닠�쓣 �쟻�슜�븳 �떎�떆媛� 怨듭쑀二쇱감 �꽌鍮꾩뒪瑜� �젣怨듯븯怨�, �쑀湲곗꽦 �룓湲곕Ъ�씤 媛먭랠諛빧룰눌�깮�씠紐⑥옄諛섏쓣 異뺤궛쨌�뼇�뼱�궗猷뚰솕 �븯�뒗 湲곗닠媛쒕컻�뿉 �굹�꽣�떎. �빐�뼇�룓湲곕Ъ�씤 �룓洹몃Ъ �뿰猷뚰솕�룄 異붿쭊�븳�떎. �삉 吏��냽媛��뒫�븳 �냽異뺤닔�궛�뾽 援ы쁽�쓣 �쐞�빐 鍮낅뜲�씠�꽣 湲곕컲�쓽 吏��뒫�삎 �뒪留덊듃�뙗�쓣 議곗꽦�븯怨�, �냽珥뚯씤援� 媛먯냼��� 珥덇퀬�졊�솕�뿉 �뵲瑜� �젣二쇳삎 �냽�옉臾� �닔�솗湲� 媛쒕컻 蹂닿툒�뿉�룄 �굹�꽣�떎.    �뼚 �젣二쇳삎 �꽦�옣�룞�젰 �솗蹂닳���슜�븫�빐�닔 �궛�뾽�솕 踰붿쐞 �솗���  �젣二쇳뀒�겕�끂�뙆�겕�뒗 �듅�엳 �젣二쇳삎 �꽦�옣�룞�젰�쑝濡쒖꽌 �젣二쇱슜�븫�빐�닔 �옄�썝�쓽 �궛�뾽�솕 踰붿쐞 �솗����뿉 �뿭�젏�쓣 �몢怨� �엳�떎. �깭 �썝�옣��� ��쒗솕�옣�뭹�썝猷뚯궛�뾽�솕�꽱�꽣��� �쑀�슜誘몄깮臾쇱옄�썝 �궛�뾽�솕吏��썝�꽱�꽣瑜� 2022�뀈源뚯�� 援ъ텞�빐 湲곗〈 �슜�븫�닔 肉� 留� �븘�땲�씪, 怨좉린�뒫�꽦 �떇�쓬猷뙿룸�몃꽕�엫�떇�뭹 媛쒕컻�뿉 �쟻洹� �굹�꽌寃좊떎��앷퀬 諛앺삍�떎. �삉 酉고떚耳��뼱 �쟾臾몄뾽泥대�� �슜�븫�빐�닔�궛�뾽�떒吏��뿉 �쑀移섑빐 �슜�븫�닔 �닔移섎즺��� �뵾遺�愿�由� 硫붿씠�겕�뾽 �쁺�뿭�쑝濡쒕룄 �궗�뾽�쓣 �솗�옣�븷 怨꾪쉷�씠�떎. 媛쒖씤 留욎땄�삎 泥댄뿕 �븸�떚鍮꾪떚 �닾�뼱 媛쒕컻怨� �븿猿� 鍮낅뜲�씠�꽣쨌�썾�뼱�윭釉� �벑 �뵒吏��꽭湲곗닠怨� 愿�愿묒궛�뾽�쓣 �뿰怨꾪븯�뒗 諛⑸쾿�룄 紐⑥깋�븯怨� �엳�떎.   �깭 �썝�옣��� ��쒕늻援щ굹 �븷 �닔 �엳�뒗 紐⑺몴�뒗 議댁옱 �씠�쑀媛� �맆 �닔 �뾾�떎��앸ŉ ��쒖젣二쇳뀒�겕�끂�뙆�겕�쓽 湲곗닠媛쒕컻 �뿭�웾�쓣 媛뺥솕�븯怨� 怨좉컼 媛�移섏뿉 吏묒쨷�빐 �젣二쇨꼍�젣�쓽 �깉濡쒖슫 �솢�젰�쑝濡� �뿰寃곕맆 �닔 �엳�룄濡� 紐⑺몴瑜� �떖�꽦�빐 �굹媛�寃좊떎��앷퀬 媛뺤“�뻽�떎.   �씠�뼱 ""�븘臾대━ �슦�닔�븳 湲고쉷怨� �궗�뾽�룄 �꽦怨쇱�� 媛�移섎�� 留뚮뱾�뼱�궡湲� �쐞�빐�꽌�뒗 �옉��� �떎�닔�룄 以꾩씠怨� �꽟�꽭�븳 �떎�뻾怨� 怨쇱젙 愿�由ш�� �븘�슂�븯�떎��쒕ŉ ��앹썝�옣 �옱�엫湲곌컙 �룞�븞 紐⑤뱺 �뿭�웾�쓣 �떎�빐 湲곗뾽�씠 留뚯”�븷 �븣源뚯�� �쁽�옣�뿉�꽌 諛쒕줈 �쎇怨� �븿猿� �샇�씉�븯硫� 吏��뿭寃쎌젣�쓽 �꽦�옣�룞�젰�쓣 �궎�슦�뒗�뜲 吏묒쨷�븯寃좊떎��쒓퀬 留먰뻽�떎.    �뼚 �젣二쇰룄�궡 怨듦린�뾽쨌異쒖옄異쒖뿰湲곌�� 以� 泥� �궡遺� 諛쒗긽  �깭 �썝�옣��� 吏��궃�빐 12�썡 �젣4��� �썝�옣�쑝濡� 痍⑥엫�뻽�떎. 諛붾줈 吏곸쟾�뿉 �젣二쇳뀒�겕�끂�뙆�겕 湲곗뾽吏��썝�떒�옣�쓣 吏��깉�떎. �젣二쇳듅蹂꾩옄移섎룄媛� 湲곌���옣 �꽑�엫怨� 愿��젴�빐 怨듬え�젅李⑤�� 嫄곗튂�뒗 怨듦린�뾽怨� 異쒖옄異쒖뿰 怨듦났湲곌�� 16怨� 以� �궡遺� 諛쒗긽�쑝濡� 湲곌���옣�쓣 梨꾩슜�븳 寃껋�� �깭 �썝�옣�씠 泥섏쓬�씠�떎.   �깭 �썝�옣��� �쟾臾� �뿏吏��땲�뼱 異쒖떊�씠�떎. �궛�뾽湲곗닠�룊媛��썝 �룊媛�蹂몃���옣쨌�븳援�湲곗닠嫄곕옒�냼 湲고쉷愿�由щ낯遺��옣怨� TFT-LCD�슜 BLU �젣議곗�� �룄愿묓뙋쨌湲덊삎 �궗異� �젣議곗뾽泥댁씤 �젅�씠�젨�닚 ����몴�씠�궗瑜� �뿭�엫�뻽�떎. 以묒븰遺�泥� �뿰怨� �뿰援ш린愿�怨� �궛�뾽�쁽�옣 寃쏀뿕�씠 �뭾遺��빐 �젣二쇱쓽 李⑥꽭��� �궛�뾽�꽦�옣�쓣 �씠�걣�뼱�굹媛� �쟻�엫�옄濡� �룊媛��릺怨� �엳�떎. "
6," �뵒�뒪�뵆�젅�씠 臾닿쾶以묒떖�씠 �븸�젙�몴�떆�옣移�(LCD)�뿉�꽌 �쑀湲곕컻愿묐떎�씠�삤�뱶(OLED)濡� �씠�룞�븯怨� �엳�떎. 二쇱슂 �뒪留덊듃�룿 �젣議곗궗�쓽 OLED 梨꾪깮瑜좎�� 吏��냽 利앷���븯怨�, TV �뿭�떆 OLED 吏꾩쁺�씠 �뒛�뼱�굹�뒗 異붿꽭�떎. �뵒�뒪�뵆�젅�씠 遺��뭹�뾽泥� �떊�솕�씤�꽣�뀓�룄 ����꽭瑜� �뵲瑜몃떎. LCD 寃쎌웳�젰 �쑀吏�, OLED �궗�뾽 �솗�옣�븯�뒗 ��섑닾�듃�옓��� �쟾�왂�쓣 �렯移쒕떎.    理쒓렐 異⑸궓 泥쒖븞 蹂몄궗�뿉�꽌 留뚮궃 �떊�솕�씤�꽣�뀓 愿�怨꾩옄�뒗 ��쒓린議댁뿉 LCD �뙣�꼸 遺��뭹�쓽 留ㅼ텧 鍮꾩쨷�씠 �넂�븯�떎��앸ŉ ��쒖쨷�옣湲곗쟻�쑝濡쒕뒗 OLED 愿��젴 留ㅼ텧�씠 �뒛�뼱�굹硫댁꽌, 鍮꾩쨷�씠 �뿭�쟾�맆 寃꺿�앹씠�씪怨� 留먰뻽�떎. 吏��궃�빐 75���25 �젙�룄�뿉�꽌, �삱�빐 50���50�씠 紐⑺몴�떎.   �떊�솕�씤�꽣�뀓�쓽 二쇰젰 �젣�뭹��� LCD�슜 愿묓븰�븘由꾩씠�떎. LCD�뒗 �옄泥� 諛쒓킅�븯�뒗 OLED��� �떖由�, 諛깅씪�씠�듃�쑀�떅(BLU)�씠 �븘�슂�븯�떎. BLU�뒗 �뮘�뿉�꽌 鍮쏆쓣 �룜�뒗 議곕챸�씠�떎. BLU�쓽 鍮쏆씠 而щ윭�븘�꽣瑜� �넻怨쇳븯硫댁꽌 �떎�뼇�븳 �깋�씠 援ы쁽�릺�뒗 諛⑹떇�씠�떎. 愿묓븰�븘由꾩�� BLU�뿉 遺�李�, 怨좎깋�옱�쁽쨌怨좎떆�빞媛� �슚怨쇰�� �젣怨듯빐 TV �솕吏� 媛쒖꽑�쓣 �룙�뒗 �뿭�븷�씠�떎. 援ъ껜�쟻�쑝濡쒕뒗 �뼯�쐶�룄瑜� �삱�젮二쇰뒗 吏묎킅 湲곕뒫 �뼯鍮쏆씠 �븳 怨좎뿉 紐곕━吏� �븡寃� �븯�뒗 遺꾩궛 湲곕뒫 �뼯�뙣�꼸 諛섎���렪�쑝濡� 鍮쏆쓣 蹂대궡�뒗 諛섏궗 湲곕뒫 �벑�씠 �엳�떎.   二쇱슂 怨좉컼�궗�뒗 �궪�꽦�쟾�옄�떎. �궪�꽦�쟾�옄�뒗 LCD TV�뿉 �뼇�옄�젏媛쒖꽑�븘由�(QDEF)�쓣 遺�李⑺븳 ��쁐LED TV��� 以묒떖�쑝濡� 2019�뀈 TV �떆�옣�젏�쑀�쑉(湲덉븸 湲곗��) 1�쐞瑜� 李⑥���뻽�떎. QLED TV�뒗 吏��궃�빐 600留뚮��媛� �뙏�젮, OLED TV(300留뚮��)�쓽 �뙋留ㅻ웾�쓣 �꽆�뼱�꽌湲곕룄 �뻽�떎. �떊�솕�씤�꽣�뀓�룄 QLED TV �솗��� �슚怨쇰�� �늻�졇�떎. �떊�솕�씤�꽣�뀓��� �궪�꽦�쟾�옄 �쇅�뿉�룄 以묎뎅, �꽣�궎, �씤�룄 �벑 �뾽泥댁�� 嫄곕옒�븯硫�, �쟾泥� 愿묓븰�븘由� �떆�옣 20%瑜� 李⑥���븳�떎.     �떊�솕�씤�꽣�뀓��� ����삎 OLED �냼�옱�룄 媛쒕컻 以묒씠�떎. OLED�뒗 �닔遺�, 媛��뒪 �벑�뿉 �끂異쒕릺硫� �쑀湲곕Ъ �냼�옄媛� 二쎈뒗�떎. OLED �냼�옄瑜� 蹂댄샇�븯�뒗 遊됱���옣鍮�(�씤罹�) 怨듭젙�씠 �빑�떖�씤 �씠�쑀�떎. �떊�솕�씤�꽣�뀓��� �씤罹� 愿��젴 �냼�옱瑜� 以�鍮꾪븯怨� �엳�떎. �씠�뒗 �궪�꽦�뵒�뒪�뵆�젅�씠媛� �뼇�궛�븷 �삁�젙�씤 �������떣(QD)�뵒�뒪�뵆�젅�씠瑜� ����쓳�븯�뒗 李⑥썝�씠�떎. 珥덇린 QD�뵒�뒪�뵆�젅�씠�뒗 泥��깋 OLED瑜� 諛쒓킅�썝�쑝濡� QD而щ윭�븘�꽣瑜� �솢�슜�빐 援ы쁽�맂�떎. �쉶�궗 愿�怨꾩옄�뒗 ��쏰LED TV, �궗�씠�땲吏� �벑�뿉�룄 吏꾩텧�빐 留ㅼ텧泥섎�� �꼻�옄 怨꾪쉷��앹씠�씪硫� ��쒖＜濡� OLED ����쓣 蹂댄샇�븯�뒗 �뿭�븷�쓣 �떞�떦�븷 寃꺿�앹씠�씪怨� �꽕紐낇뻽�떎.  �떎�쓬 �떒怨꾨뒗 �뒪留덊듃�룿 �뙣�꼸 遺��뭹�씠�떎. �떊�솕�씤�꽣�뀓��� �빐�떦 遺꾩빞�뿉�꽌 釉붾옓李④킅 �뀒�씠�봽媛� 硫붿씤�씠�떎. 鍮쏆쓣 �븵�쑝濡쒕쭔 �굹�삤�룄濡� �븯�뒗 �뀒�씠�봽�떎. �궡�뿴�꽦�뒫 諛� 怨좎삩 �젏李⑸젰�룄 媛뽰톬�떎. 吏��궃 2014�뀈 媛쒕컻�뿉 �꽦怨�, �궗�뾽�쓣 �쟾媛쒗븯怨� �엳�떎. TV��� 留덉갔媛�吏�濡� �궪�꽦�쟾�옄 �뒪留덊듃�룿�뿉 �깙�옱�릺怨� �엳�떎.   �떊�솕�씤�꽣�뀓��� �쐶�룄�뼢�긽 �븘由�, 諛⑹닔 �뀒�씠�봽, EMI(Electro Magnetic Inference) �븘由�, 荑좎뀡�뤌 �뀒�씠�봽 �벑�룄 怨듦툒�븷 諛⑹묠�씠�떎. �쉶�궗 愿�怨꾩옄�뒗 ��쒖삱�빐�뒗 荑좎뀡�뤌 �뀒�씠�봽��� EMI �뀒�씠�봽�뿉 吏묒쨷�븷 �삁�젙��앹씠�씪硫� ��쒓린議� 釉붾옓李④킅 �뀒�씠�봽��� 寃고빀�븳 �씪泥댄삎 �젣�뭹�룄 �꽑蹂댁씪 寃꺿�앹씠�씪怨� �씠�빞湲고뻽�떎. �씪泥댄삎 �젣�뭹��� �몮 �씠�긽�쓽 �뀒�씠�봽瑜� �빀爾�, �뙣�꼸 �몢猿섎�� 以꾩씠硫댁꽌 �꽦�뒫�쓣 �쑀吏��븯�뒗 �삎�깭�떎.   TV��� �뒪留덊듃�룿�슜 �젣�뭹 �쇅�뿉�룄 李⑤웾�슜 �뵒�뒪�뵆�젅�씠, 媛�援ъ슜 �뜲肄�(DECO) �븘由�, 留덉씠�겕濡� LED �냼�옱 �벑�뿉�룄 吏꾩텧�븷 怨꾪쉷�씠�떎. 李⑤웾�슜 �냼�옱�뒗 紐⑤컮�씪�슜�쓽 �쐶�룄�뼢�긽 �븘由� �벑�쓽 湲곗닠�쓣 �솢�슜�빐 留뚮뱺�떎. 媛�援ъ슜��� 湲곗〈 �뤃由ъ뿼�솕鍮꾨땺(PVC)瑜� ���泥댄븯�뒗 移쒗솚寃�, 怨좉린�뒫�꽦 �젣�뭹�씠�떎. 留덉씠�겕濡� LED �냼�옱�뒗 �닾怨쇱쑉�쓣 議곗젅�븯�뒗 �븘由꾩쑝濡� �뙣�꼸蹂댄샇 湲곕뒫怨� 諛섏궗 諛⑹���꽦�뒫�쓣 媛뽰텛怨� �엳�떎.   �떊�솕�씤�꽣�뀓 愿�怨꾩옄�뒗 ��쒖븘吏� 吏꾩텧�븷 遺꾩빞媛� 留롫떎. �삱�빐�뒗 �궗�뾽�떎媛곹솕�쓽 �썝�뀈�씠 �맆 寃꺿�앹씠�씪硫� ��쒖젣�뭹援� �솗�옣�쑝濡� �븞�젙�쟻�씤 留ㅼ텧 �솗蹂댁�� �떎�쟻 媛쒖꽑�씠�씪�뒗 �몢 留덈━ �넗�겮瑜� �옟湲� �쐞�빐 以�鍮� 以묅�앹씠�씪怨� 媛뺤“�뻽�떎.   <源��룄�쁽 湲곗옄>dobest@ddaily.co.kr�돱�뒪梨꾨꼸 �꽕�젙 - �꽕�씠踰� 硫붿씤�뿉�꽌 �뵒吏��꽭�뜲�씪由� �돱�뒪瑜� 蹂� �닔 �엳�뼱�슂.IT�젙蹂댁쓽 利먭굅�슫 �뾽洹몃젅�씠�뱶[�뵜�씪�씠�듃�떣�꽬]<����옉沅뚯옄 짤 �뵒吏��꽭�뜲�씪由� 臾대떒�쟾�옱-�옱諛고룷湲덉��>"
7," LG�씠�끂�뀓�씠 吏��궃�빐 留� LED�궗�뾽遺�瑜� 蹂꾨룄 �궗�뾽�떞�떦 泥댁젣濡� �옱�렪�뻽�떎. 吏��궃�빐遺��꽣 媛��냽�솕�맂 �궗�뾽 �슚�쑉�솕 湲곗“�뿉 �뵲瑜� 寃껋씠�떎. �궗�떎�긽 LED�궗�뾽遺�瑜� �룓吏��븯硫댁꽌 移대찓�씪紐⑤뱢怨� 湲고뙋�냼�옱 �쐞二쇰줈�쓽 �궗�뾽 �룷�듃�뤃由ъ삤 議곗젙�씠 �뜑�슧 媛��냽�솕�맆 �쟾留앹씠�떎.20�씪 LG�씠�끂�뀓�쓽 1遺꾧린 �궗�뾽蹂닿퀬�꽌��� �뾽怨꾩뿉 �뵲瑜대㈃ LG�씠�끂�뀓��� �쁽�옱 �뼯愿묓븰�넄猷⑥뀡�궗�뾽遺� �뼯湲고뙋�냼�옱�궗�뾽遺� �뼯�쟾�옣遺��뭹�궗�뾽遺� �벑 3媛� �궗�뾽遺�濡� �슫�쁺�릺怨� �엳�떎. LG�씠�끂�뀓��� �궗�뾽蹂닿퀬�꽌�뿉  ""�쟾湲� 留� 議곗쭅媛쒗렪�쓣 �넻�빐 LED�궗�뾽�쓣 蹂꾨룄 �궗�뾽�떞�떦 泥댁젣濡� �슫�쁺�븯怨� �엳�떎""�씪怨� �뼵湲됲뻽�떎. �쉶�궗 李⑥썝�뿉�꽌 吏��궃�빐 留� LED�궗�뾽遺�瑜� �옱�렪�뻽�떎�뒗 �젏�쓣 怨듭떇�솕�븳 寃껋씠�떎. �궗�뾽蹂닿퀬�꽌�뿉 �뵲瑜대㈃ LED �궗�뾽怨� �쟾�옄遺��뭹 �궗�뾽�씠 蹂꾨룄 �궗�뾽�떞�떦 泥댁젣�뿉 �룷�븿�맂�떎.�씠�뒗 LG�씠�끂�뀓�씠 洹멸컙 LED�궗�뾽遺�瑜� �넻�빐 吏꾪뻾�븯�뜕 �궗�뾽 �긽�떦�닔�뿉�꽌 �넀�쓣 �뿉�떎�뒗 �쓽誘몃떎. LED�궗�뾽遺��뿉�꽌�뒗 議곕챸�슜LED, UV(洹뱀옄�쇅�꽑) LED, BLU(諛깅씪�씠�듃�쑀�떅) LED, 李⑤웾�슜LED �벑�쓽 �궗�뾽�쓣 吏꾪뻾�빐 �솕�떎. �씠 以� 議곕챸�슜LED��� UV LED, BLU LED �궗�뾽��� �삱�빐 �긽諛섍린 �븞�쑝濡� 以묐떒�븷 諛⑹묠�씠�떎.LG�씠�끂�뀓�씠 �깮�궛�븳 UV LED 移⑹쓽 紐⑥뒿.�떎�젣濡� LG�씠�끂�뀓怨� 洹멸컙 UV LED, 議곕챸�슜LED �벑�쓽 遺꾩빞�뿉�꽌 嫄곕옒�뻽�뜕 �삊�젰�궗�뱾��� �삱�빐 珥덈���꽣 LG�씠�끂�뀓�쓣 ����떊�븷 �깉濡쒖슫 怨좉컼�궗瑜� 臾쇱깋�븳 寃껋쑝濡� �븣�젮議뚮떎.�뾽怨� �븳 怨좎쐞 愿�怨꾩옄�뒗 ""�젙泥좊룞 LG�씠�끂�뀓 �궗�옣�씠 遺��엫�븳 �씠�썑 �닔�씡�씠 �븞 �굹�삤�뒗 �궗�뾽��� 怨쇨컧�븯寃� �젙由ы븯�옄�뒗 遺꾩쐞湲곌�� 媛뺥븯寃� �삎�꽦�릱怨�, �씠 怨쇱젙�뿉�꽌 LED�궗�뾽�룄 �젒湲곕줈 寃곗젙�븳 寃�""�씠�씪硫� ""�씠誘� 二쇱슂 怨좉컼�궗�뿉�뒗 吏��궃�빐 留먯뿉 �넻蹂대맂 �궗�빆""�씠�씪怨� 留먰뻽�떎.LED �궗�뾽��� 理쒓렐源뚯���룄 �쉶�궗 痢≪뿉�꽌 �빑�떖 �궗�뾽 以� �븯�굹濡� 珥덉젏�쓣 留욎떠 �솕�떎. �듅�엳 UV LED �궗�뾽��� �꽦�옣�궗�뾽 以� �븯�굹濡� �쑁�꽦�븷 怨꾪쉷�씠�뿀�떎. 吏��궃 2018�뀈 �뿴由� UV LED 愿��젴 湲곗옄媛꾨떞�쉶�뿉�꽌 諛뺤쥌�꽍 �쟾�엫 �궗�옣�씠 吏곸젒 李몄꽍�빐 湲곗〈 �젣�뭹蹂대떎 愿묒텧�젰�씠 �넂��� UV LED �젣�뭹�쓣 援ъ껜�쟻�쑝濡� �냼媛쒗븯怨� UV LED �궗�뾽 鍮꾩쟾�쓣 �꽕紐낇븯湲곕룄 �뻽�떎.洹몃윭�굹 �씠 媛숈�� �끂�젰�뿉�룄 LED �궗�뾽遺��뒗 怨꾩냽�빐�꽌 �쟻�옄瑜� 硫댁튂 紐삵뻽�떎. 吏��궃 2008�뀈遺��꽣 2019�뀈源뚯�� 12�뀈 �뿰�냽 �쟻�옄����떎. 2018�뀈源뚯��留� �빐�룄 �떇臾쇱깮�옣�슜 LED, �궡洹좎슜 UV LED �벑�쓣 吏��냽 媛쒕컻�븯硫� 諛섏쟾�쓣 紐⑥깋�뻽吏�留�, 洹� �빐�뿉�룄 340�뼲�썝�쓽 �쁺�뾽�넀�떎濡� �쟾�뀈 ���鍮� 鍮꾩듂�븳 �닔以��쓽 �쟻�옄�뿉 癒몃Ъ����떎. �씠�벉�빐�뿉�뒗 836�뼲�썝源뚯�� �넀�떎�룺�씠 �뒛�뼱�궗�떎.�씠�뿉 LG�씠�끂�뀓��� 吏��냽�쟻�쑝濡� LED�궗�뾽遺� 異뺤냼�뿉 �굹�꽣�떎. �씠 怨쇱젙�뿉�꽌 LED�궗�뾽遺� 吏곸썝�뱾�뿉 ����븳 �씗留앺눜吏곸쓣 吏��궃�빐 11�썡遺��꽣 吏꾪뻾�뻽�떎. 2019�뀈 珥덇퉴吏�留� �빐�룄 600�뿬紐낆뿉 �떖�뻽�뜕 LED�궗�뾽遺� 吏곸썝 �닔�뒗 �뿰留� 湲곗�� 300�뿬紐� �닔以�源뚯�� 以꾩뿀�떎. 吏��궃�빐 怨듭옣 媛��룞瑜좊룄 54.3%�뿉 遺덇낵�뻽�떎. �젣�뭹 �깮�궛�웾��� 2017�뀈 ���鍮� 42% �닔以��쑝濡� �뼥�뼱議뚮떎.LG�씠�끂�뀓��� �씠 媛숈�� 議곗젙 怨쇱젙�뿉 ����빐 �궗�뾽 以묐떒��� �궗�떎�씠 �븘�땲硫� �궗�뾽 �슚�쑉�솕�쓽 �씪�솚�씠�씪怨� �뼵湲됲뻽�떎. 寃곌낵�쟻�쑝濡� �궗�뾽 �슚�쑉�솕 李⑥썝�뿉�꽌 LED�궗�뾽遺� �옱�렪�뿉 �굹�꽑 寃껋씠�떎. LG�씠�끂�뀓��� �삉 �쁽�옱 �뙆二쇱�� 以묎뎅 �썑�씠����슦(�삙二�)�뿉�꽌 LED �젣�뭹�쓣 留뚮뱾怨� �엳�뒗�뜲 �쁽�옱 �뙆二� LED �궗�뾽�옣��� �룓�뇙 �끉�쓽瑜� 吏꾪뻾 以묒씤 寃껋쑝濡� �븣�젮議뚮떎.�씪媛곸뿉�꽌�뒗 LG�씠�끂�뀓�씠 李⑤웾�슜LED �떆�옣�뿉�꽌�룄 諛쒖쓣 類� �닔 �엳�떎�뒗 �쟾留앸룄 �굹�삩�떎. 李⑤웾�슜LED�뒗 LG�씠�끂�뀓�쓽 LED �궗�뾽 以묒뿉�꽌�뒗 媛��옣 �닔�씡�꽦�씠 �넂怨� �쑀留앺븳 �궗�뾽�쑝濡� 瑗쏀엺�떎. LG�쟾�옄媛� �삤�뒪�듃由ъ븘 �뿤�뱶�옩�봽 �뾽泥댁씤 ZKW瑜� �씤�닔�븯硫댁꽌, ZKW�쓽 �뿤�뱶�옩�봽�뿉 LG�씠�끂�뀓�쓽 LED移⑹씠 ����웾 �깙�옱�맆 �닔 �엳�떎�뒗 �떆�옣�쓽 湲곕��媛� �엳�뿀�떎. 洹몃윭�굹 LG�씠�끂�뀓�씠 LED �궗�뾽�쓣 �닚李⑥쟻�쑝濡� 異뺤냼�븯硫댁꽌 李⑤웾�슜LED �궗�뾽�뿉�룄 �쁺�뼢�쓣 誘몄튌 �닔 �엳�떎�뒗 異붿륫�씠�떎. �뾽怨� �븳 愿�怨꾩옄�뒗 ""�븘臾대옒�룄 李⑤웾�슜LED �떒�룆�쑝濡� �궗�뾽�쓣 �슫�쁺�븯湲곗뿉�뒗 媛쒕컻�씠�굹 �뙋留� �씤�젰 �벑�씠 鍮좎���떎 蹂대땲 吏��냽�쟻 �쑀吏�媛� �뼱�졄吏� �븡寃좊뒓�깘""硫� ""愿��젴 二쇰Ц�쓣 以꾩씠�뒗 �떒怨꾨줈 �븣怨� �엳�떎""怨� 留먰뻽�떎.�씠�뿉 �뵲�씪 LG�씠�끂�뀓�쓽 �궗�뾽�뿉�꽌 移대찓�씪紐⑤뱢�쓣 留뚮뱶�뒗 愿묓븰�넄猷⑥뀡�궗�뾽遺���� 諛섎룄泥는룸뵒�뒪�뵆�젅�씠쨌�넻�떊�슜 湲고뙋, �룷�넗留덉뒪�겕 �벑�쓣 �젣議고븯�뒗 湲고뙋�냼�옱�궗�뾽遺��쓽 以묒슂�룄媛� �뜑�슧 �삱�씪媛� 寃껋쑝濡� 蹂댁씤�떎.愿묓븰�넄猷⑥뀡�궗�뾽遺�媛� �쟾泥� 留ㅼ텧�쓽 �빟 70% 媛��웾�쓣 李⑥���븯�뒗 媛��슫�뜲, 理쒓렐�뿉�뒗 湲고뙋�냼�옱�궗�뾽遺� �쑁�꽦�뿉 吏묒쨷�븯怨� �엳�뒗 紐⑥뒿�씠�떎. �듅�엳 5G(5�꽭��� �씠�룞�넻�떊)�쓽 �솗�궛怨� 留욌Ъ�젮 �뿰�룊洹� �빟 40%�쓽 留ㅼ텧 �꽦�옣�쓣 湲곕줉�븯怨� �엳�뒗 RF-SiP(Radio Frequency- System in Package)�씠 二쇰ぉ諛쏄퀬 �엳�떎. RF-SiP�뒗 �뒪留덊듃�룿, �썾�뼱�윭釉� 湲곌린�쓽 �넻�떊移�, AP �벑�쓣 硫붿씤湲고뙋怨� �뿰寃고빐 �쟾湲곗떊�샇瑜� �쟾�떖�븯�뒗 遺��뭹�쓣 �씪而ル뒗�떎.�쑄�꽑�썕湲곗옄"
8," �궛�뾽 �쟾諛섏뿉�꽌 以묎뎅�쓽 �쁺�뼢�젰�씠 �젏�젏 而ㅼ��怨� �엳�떎. ���媛�臾쇰웾 怨듭꽭濡� �떆�옣�쓣 �옣�븙�븯�뒗 諛⑹떇�씠�떎. 諛쒓킅�떎�씠�삤�뱶(LED) 遺꾩빞�룄 留덉갔媛�吏��떎. �븸�젙�몴�떆�옣移�(LCD) 諛깅씪�씠�듃�쑀�떅(BLU), 議곕챸, 留덉씠�겕濡쏬ED �벑�뿉 �벐�씠�뒗 �냼�옱�떎. 援��궡 LED �뾽泥대룄 以묎뎅�뿉 諛��젮 �궗�뾽 泥좎닔�븯�뒗 遺꾩쐞湲곕떎. LED �쟾臾멸린�뾽 吏��뿕鍮꾪뀓��� �옄泥� 湲곗닠�쓣 �넻�빐 �씠瑜� 洹밸났�븯怨좎옄 �븳�떎.   吏��궃 20�씪 寃쎄린�룄 �삤�궛 蹂몄궗�뿉�꽌 留뚮궃 吏��뿕鍮꾪뀓 理쒖쁺�떇 ����몴�뒗 ��쒓뎅�궡 LED �떆�옣�씠 以묎뎅�쑝濡� �씤�빐 �옒�뱺 �긽�솴�씠吏�留�, 吏��뿕鍮꾪뀓��� 珥덇퀬�뿰�깋 �젣�뭹�쓣 �넻�빐 �룆�옄�쟻�씤 �쁺�뿭�쓣 留뚮뱾怨� �엳�떎��앷퀬 �꽕紐낇뻽�떎.   珥덇퀬�뿰�깋��� �뿰�깋吏��닔(CRI : Color Rendering Index)媛� 95 �씠�긽�씤 �깋�씠�떎. CRI�뒗 �깋�쓽 �젙�솗�룄瑜� �굹����궡�뒗 �닔移섎떎. �씪諛섏쟻�쑝濡� �삤�썑 2�떆 �깭�뼇愿묒쓣 �뿰�깋吏��닔 100�쑝濡� 蹂몃떎. �듅�젙 ����긽�쓽 蹂몄뿰 �깋�씠 洹몃��濡� 蹂댁씤�떎�뒗 �쓽誘몃떎. CRI媛� �궙�쑝硫� �떎�젣 �깋怨� �떎瑜닿쾶 蹂댁씤�떎.   洹몃룞�븞 �깋 援щ텇�씠 �븘�슂�븳 怨듭옣, 諛뺣Ъ愿�, �떇�뭹留ㅼ옣 �벑�뿉�꽌�뒗 �븷濡쒓쾺 �쟾援ш�� �솢�슜�릱�떎. �떎留� �븷濡쒓쾺��� �뿴�씠 留롮�� 愿묒썝�쑝濡� �쟾�젰 �슚�쑉�꽦�씠 �궙�떎. 吏��뿕鍮꾪뀓��� 泥��깋 LED 移⑹쓣 �솢�슜, �쟾湲� �냼紐⑤웾�쓣 以꾩씤 珥덇퀬�뿰�깋 �젣�뭹�쓣 援ы쁽�뻽�떎. 鍮쏆�� �쟻�쇅�꽑(�쟻�깋)�뿉�꽌 �옄�쇅�꽑(泥��깋)�쑝濡� 媛덉닔濡� �뿉�꼫吏�瑜� 留롮씠 媛�吏꾨떎. �씠瑜� �쓳�슜�빐 怨좏슚�쑉 LED瑜� 留뚮뱺 寃껋씠�떎.    吏��뿕鍮꾪뀓 珥덇퀬�뿰�깋 LED�뒗 諛섎룄泥는룸뵒�뒪�뵆�젅�씠 怨듭옣�뿉�꽌�룄 �쑀�슜�븯�떎. 湲곗〈 諛샕룸뵒 �깮�궛�씪�씤 議곕챸��� �닔��� �쟾援ъ뿉 �끂��� �븘由꾩쓣 �뜤��� �궗�슜�뻽�떎. �끂愿� 怨듭젙�뿉�꽌 �궗�슜�릺�뒗 �룷�넗�젅吏��뒪�듃(媛먭킅�븸)媛� 誘쇨컧�븳 �깛�씠�떎. 鍮쏆뿉 諛섏쓳�븯�뒗 �슜�븸�씤 媛먭킅�븸��� 鍮쏆씠 �옄�쇅�꽑 �삉�뒗 �쟻�쇅�꽑 �쁺�뿭�쑝濡� 議곌툑留� 媛��룄 蹂�吏덈맂�떎.   臾몄젣�뒗 �끂��� 議곕챸��� �옉�뾽�옄�뿉 遺��젙�쟻�씠�떎. �뼯�늿 �뵾濡쒕룄 �긽�듅 �뼯�궙��� 議곕룄濡� �궗臾쇱씤�떇 諛� 怨듦컙�씤�떇 ����븯 �뼯�떊泥� �솢�젰�룄 �븯�씫 �뼯�닔��� �솚寃� 臾몄젣 �벑�씠�떎. �뾽怨꾩뿉 �뵲瑜대㈃ 議곕챸 �뒪�듃�젅�뒪濡� �눜�궗�븯�뒗 吏곸썝�씠 �긽�떦�닔�떎. 理� ����몴�뒗 ��쒖씪蹂� �씤�뇙�쉶濡쒓린�뙋(PCB) �쉶�궗��� �긽�떞�븯�떎媛� �끂��� 議곕챸 �씠�뒋瑜� �븣寃� �릱�떎. �삩醫낆씪 �끂��� 議곕챸 諛묒뿉�꽌 �씪�븯�땲 吏곸썝�뱾�씠 �뼱吏��읆利앹쓣 �샇�냼�븯�뒗 寃쎌슦媛� 留롫떎怨� �뱾�뿀�떎��앸ŉ ��쒖씠瑜� 怨꾧린濡� 珥덇퀬�뿰�깋 LED瑜� 怨듭옣�뿉�꽌 �솢�슜�븯�뒗 �븘�씠�뵒�뼱瑜� �뼚�삱�졇怨�, �떎�뿕�쓣 �넻�빐 諛깆깋�씠硫댁꽌 媛먭킅�븸 �넀�긽 �뾾�뒗 議곕챸�엫�씠 利앸챸�릱�떎��앷퀬 留먰뻽�떎.   援��궡�뿉�꽌�뒗 LG�뵒�뒪�뵆�젅�씠媛� 2�뀈媛� �뀒�뒪�듃瑜� �넻�빐 吏��뿕鍮꾪뀓 LED瑜� 怨듭옣�뿉 �룄�엯�뻽�떎. 1誘명꽣(M) 洹쇨굅由ъ뿉�꽌 48�떆媛� �룞�븞 LED瑜� 媛먭킅�븸�뿉 議곗궗�븳 寃곌낵 媛먭킅�븸�뿉 �쁺�뼢�쓣 二쇱�� �븡�븯�떎. �븳援�, �씪蹂� �벑 湲�濡쒕쾶 諛샕룸뵒 �뾽泥대뱾�룄 �뀒�뒪�듃�븯怨� �엳�떎. 援��궡 ����삎 �뒪留덊듃�룿 �젣議곗궗�뒗 珥덇퀬�뿰�깋 LED瑜� �뙣�꼸 寃��궗 �떒怨꾩뿉�꽌 �솢�슜�븯怨� �엳�떎. �뜒遺꾩뿉 遺덈웾 寃�異쒕쪧�씠 25% �삱�옄�떎.   吏��뿕鍮꾪뀓��� 留ㅼ텧泥� �솗蹂대�� �쐞�빐 嫄댁꽕�궗, �뒪留덊듃�뙗 �뾽泥� �벑怨� �삊�쓽 以묒씠�떎. �씪蹂� ����삎 �뒪留덊듃�뙗 �떆�뒪�뀥 �쉶�궗 2怨녹뿉 �궔�뭹�쓣 �떆�옉�뻽怨�, 援��궡 嫄댁꽕�궗��� 怨꾩빟�쓣 泥닿껐�븯湲곕룄 �뻽�떎. 吏��궃 3�썡�뿉�뒗 LED議곕챸 �뼇�궛�쓣 �떆�옉�뻽�떎.   理� ����몴�뒗 ��쒖떆�뻾李⑹삤瑜� 寃れ쑝硫댁꽌 珥덇퀬�뿰�깋 LED瑜� 媛쒕컻�뻽�떎. 以묎뎅�궛 LED蹂대떎 媛�寃⑹�� �넂吏�留�, �솗�떎�븳 �꽦�뒫�쑝濡� 寃쎌웳�븷 寃꺿�앹씠�씪硫� ��쒗뼢�썑 �쉶�궗 洹쒕え媛� �겕硫� �젣議곗뾽�옄媛쒕컻�깮�궛(ODM) 諛⑹떇�쓣 �룄�엯, �닔�슂�뿉 ����쓳�븯寃좊떎��앷퀬 �뼵湲됲뻽�떎.   <源��룄�쁽 湲곗옄>dobest@ddaily.co.kr�돱�뒪梨꾨꼸 �꽕�젙 - �꽕�씠踰� 硫붿씤�뿉�꽌 �뵒吏��꽭�뜲�씪由� �돱�뒪瑜� 蹂� �닔 �엳�뼱�슂.IT�젙蹂댁쓽 利먭굅�슫 �뾽洹몃젅�씠�뱶[�뵜�씪�씠�듃�떣�꽬]<����옉沅뚯옄 짤 �뵒吏��꽭�뜲�씪由� 臾대떒�쟾�옱-�옱諛고룷湲덉��>"
9," 蹂멸퀬�뒗 �옄猷� �젣怨듭궗�뿉�꽌 �젣怨듯븳 寃껋쑝濡�, �뿰�빀�돱�뒪�뒗 �궡�슜�뿉 ����빐 �뼱�뼚�븳 �렪吏묐룄 �븯吏� �븡�븯�쓬�쓣 諛앺�� �뱶由쎈땲�떎.�뼳肄붾줈�굹19 �냽蹂대뒗 �꽕�씠踰� �뿰�빀�돱�뒪�뿉�꽌 [援щ룆 �겢由�]�뼳[�뙥�듃泥댄겕] �쑉嫄곗슫 媛먯옄 '鍮꾨룞�쓽 媛꾩쓬二�'�뼳�젣蹂댄븯湲�"
10," LG�솕�븰�씠 以묎뎅 �솕�븰�뾽泥댁뿉 而щ윭�븘�꽣�슜 �룷�넗�젅吏��뒪�듃(PR쨌媛먭킅�젣) �궗�뾽�쓣 留ㅺ컖�븳�떎. �닔�씡�꽦 �븙�솕�뿉 �떆�떖由щ뒗 �븸�젙�몴�떆�옣移�(LCD) �궗�뾽�쓣 �젙由ы븯�뒗 李⑥썝�씠�떎.    27�씪 以묎뎅 �빞而ㅼ빱吏��뒗 吏��궃 25�씪 �옄�쉶�궗 �뒪�뼇沅덉��媛� LG�솕�븰�쓽 而щ윭�븘�꽣 PR �궗�뾽�쓣 �씤�닔�븯�뒗 怨꾩빟�쓣 泥닿껐�뻽�떎怨� 諛앺삍�떎. 異⑸턿 泥�二� 怨듭옣 �궡 �깮�궛�꽕鍮꾨�� 鍮꾨’�븳 吏��쟻�옱�궛沅뙿룹옱怨� �벑�씠 �룷�븿�맂 怨꾩빟�쑝濡�, 湲덉븸洹쒕え�뒗 580�뼲�썝�씠�떎. �뼇援� �젙遺��쓽 �듅�씤 �젅李④�� �궓��� �긽�깭�떎.   而щ윭�븘�꽣 PR��� �뵒�뒪�뵆�젅�씠 而щ윭�븘�꽣 �뼇�궛�뿉 �솢�슜�맂�떎. 而щ윭�븘�꽣�뒗 LCD�뿉�꽌 �떎�뼇�븳 �깋�쓣 援ы쁽�븯湲� �쐞�븳 �뻼��� 痢듭쑝濡�, �젅�뱶쨌洹몃┛쨌釉붾（(RGB) �꽌釉뚰뵿���濡� 援ъ꽦�맂�떎. 諛깅씪�씠�듃�쑀�떅(BLU)�뿉�꽌 �굹�삩 鍮쏆씠 而щ윭�븘�꽣瑜� 嫄곗튂硫� �깋�씠 蹂��븯�뒗 諛⑹떇�씠�떎. ���濡쒗뙋吏��뿉 �넀�쟾�벑�쓣 鍮꾩텛硫�, �듅�젙 �깋�씠 �굹�삤�뒗 寃껉낵 媛숈�� �썝由щ떎.   PR��� �끂愿� 怨듭젙�뿉�꽌 �궗�슜�릺�뒗 �냼�옱�떎. 諛섎룄泥� PR�쓽 寃쎌슦 �씠瑜� 諛붾Ⅴ怨� �썾�씠�띁�뿉 鍮쏆쓣 �룜硫�, �쉶濡� 紐⑥뼇�씠 �궓寃⑥쭊�떎. 而щ윭�븘�꽣 PR��� 而щ윭�븘�꽣 痢듭뿉 �꽌釉뚰뵿����쓣 �깉湲� �븣 �쟻�슜�맂�떎. �닾紐� �쟾洹뱀쑝濡� �벐�씠�뒗 �씤�뱪二쇱꽍�궛�솕臾�(ITO)�뿉 RGB �뵿����쓣 援щ텇�븯�뒗 BM(Black Matrix)瑜� �꽕移섑븳�떎. 援щ텇�맂 移몃쭏�떎 RGB �븞猷뚮�� �꽎��� PR�쓣 �룄�룷�븯怨�, 鍮쏆쓣 弛붾떎. �씠�썑 �꽭�젙, �쁽�긽 �벑�쓽 怨쇱젙�쓣 嫄곗튂硫� 而щ윭�븘�꽣媛� �셿�꽦�맂�떎.   �쁽�옱 LCD �궛�뾽��� �닔�씡�꽦 遺�吏꾩뿉 吏곷㈃�뻽�떎. 以묎뎅 �뾽泥대뱾�쓽 臾쇰웾怨듭꽭濡� LCD �뙣�꼸 媛�寃⑹씠 湲됰씫�븳 �깛�씠�떎. �쑀湲곕컻愿묐떎�씠�삤�뱶(OLED)泥섎읆 �넂��� 湲곗닠�젰��� �슂援ы븯吏� �븡�븘, BOE쨌�떚�뿏留댟룸퉬�쟾�삦�뒪 �벑�쓽 異붽꺽�씠 鍮⑤옄�떎. 以묎뎅 �뾽泥대뱾�씠 �떆�옣�쓣 �옣�븙�븳 �씠�쑀�떎. �씠�뿉 �궪�꽦�뵒�뒪�뵆�젅�씠, LG�뵒�뒪�뵆�젅�씠 �벑 援��궡 �뾽泥대뱾��� OLED �쟾�솚 �냽�룄瑜� �넂�씠�뒗 異붿꽭�떎.   LG�솕�븰 �뿭�떆 怨꾩뿴�궗 LG�뵒�뒪�뵆�젅�씠��� 諛쒕쭪異�, LCD 愿��젴 �궗�뾽�쓣 �젙由ы븯怨� �엳�떎. �씠踰� 而щ윭�븘�꽣 PR 留ㅺ컖�뿉 �븵�꽌, 吏��궃 3�씪 LCD �쑀由ш린�뙋 �궗�뾽 泥좎닔瑜� 怨듭떇�솕�뻽�떎. 以묎뎅 �궡 湲됯꺽�븳 �깮�궛�꽕鍮� 利앷�� �벑�쑝濡� �씤�븳 �쟾諛⑹궛�뾽 �떆�솴 �븙�솕�뿉 �뵲瑜� 議곗튂�떎. LG�솕�븰��� LCD �궗�뾽 �젙由� �냽�룄瑜� �넂�씠�뒗 �븳�렪, 諛고꽣由� �궗�뾽�뿉 �옒�쓣 �떍寃좊떎�뒗 諛⑹묠�씠�떎.   �븳�렪 �빞而ㅼ빱吏��뒗 吏��궃 2016�뀈 援��궡 �쑀�뵾耳�誘몄뭡�쓣 1972�뼲�썝�뿉 �씤�닔�븳 諛� �엳�떎. �쑀�뵾耳�誘몄뭡��� SK�븯�씠�땳�뒪�쓽 二쇱슂 �봽由ъ빱�꽌(�쟾援ъ껜) 怨듦툒�뾽泥대떎. �쟾援ъ껜�뒗 D�옩 �젣議� 怨듭젙 �빑�떖 �옱猷뚮줈, �뵒�뒪�뵆�젅�씠 �깮�궛�뿉�룄 �솢�슜 媛��뒫�븯�떎. �빞而ㅼ빱吏��뒗 而щ윭�븘�꽣 PR 遺�臾� �씤�닔瑜� 怨꾧린濡� 諛섎룄泥댁슜 PR源뚯�� �궗�뾽�쓣 �솗�옣�븷 怨꾪쉷�씠�떎.   <源��룄�쁽 湲곗옄>dobest@ddaily.co.kr�돱�뒪梨꾨꼸 �꽕�젙 - �꽕�씠踰� 硫붿씤�뿉�꽌 �뵒吏��꽭�뜲�씪由� �돱�뒪瑜� 蹂� �닔 �엳�뼱�슂.IT�젙蹂댁쓽 利먭굅�슫 �뾽洹몃젅�씠�뱶[�뵜�씪�씠�듃�떣�꽬]<����옉沅뚯옄 짤 �뵒吏��꽭�뜲�씪由� 臾대떒�쟾�옱-�옱諛고룷湲덉��>"
11,"11�뀈吏� �쟻�옄�뿉 '�깮�궛 以묐떒�뻽�떎' �냼臾� 怨꾩냽�뤌�씗留앺눜吏곸뿉 援ъ“議곗젙���李⑤웾�슜쨌�궛�뾽�슜 以묒떖�쑝濡� 媛쒗렪�꽌�슱 媛뺤꽌援� LG�씠�끂�뀓 蹂몄궗 �쟾寃�(LG�씠�끂�뀓 �젣怨�) 짤 �돱�뒪1(�꽌�슱=�돱�뒪1) 諛뺣룞�빐 湲곗옄 = LG�씠�끂�뀓�씠  �쉶�궗 �쟾諛섏쓽 援ъ“ 媛쒗렪�쓣 吏꾪뻾�븯硫� 11�뀈吏� �쟻�옄瑜� �씠�뼱�삤�뒗 LED �궗�뾽�쓣 怨� 泥��궛�븷 寃껋씠�씪�뒗 �삁痢≪씠 �씠�뼱吏�怨� �엳�떎. LG�씠�끂�뀓 痢≪�� �궗�뾽 �슚�쑉�솕瑜� �쐞�븳 議곗젙 �옉�뾽�쓣 吏꾪뻾�븯怨� �엳吏�留� 泥좎닔�뒗 �뾾�떎�뒗 �엯�옣�쓣 諛앺삍�떎. 6�씪 ���留뚯쓽 IT�쟾臾� 蹂대룄留ㅼ껜 '�뵒吏�����엫�뒪'�뒗 ""LG�씠�끂�뀓�씠 �삱�빐 4�썡 �삁�긽�릱�뜕 LED �깮�궛以묐떒 �씪�젙�쓣 �븵�떦寃� 吏��궃�빐 12�썡遺��꽣 LED �깮�궛�쓣 以묐떒�뻽�떎""怨� 蹂대룄�뻽�떎. �씠�뿉 ����빐 LG�씠�끂�뀓 痢≪�� ""�궗�뾽�쓣 以묐떒�븯�뒗 寃껋�� �궗�떎�씠 �븘�땲硫� '�궗�뾽 �슚�쑉�솕'瑜� 吏꾪뻾 以묒씠�떎""�씪怨� 諛앺삍�떎. 湲곗〈�뿉 �넀�빐瑜� 蹂대뜕 �씪諛� 議곕챸 �깮�궛��� 以꾩씠怨� �떊�궗�뾽�쑝濡� 瑗쎌�� 李⑤웾�슜쨌�궛�뾽�슜 愿묒썝�쓽 �깮�궛�쓣 �뒛由щ뒗 諛⑺뼢�쑝濡� �궗�뾽 援ъ“瑜� 蹂�寃쏀븯怨� �엳�떎�뒗 寃껋씠�떎 .�궗�뾽�쓣 �젒吏� �븡寃좊떎�뒗 �쓽吏�瑜� 諛앺삍吏�留� LG�씠�끂�뀓�쓽 �븵湲몄�� �끃濡앹�� �븡�떎. 癒쇱�� LED �떆�솴 �옄泥닿�� �젏李� �븙�솕�릺怨� �엳�떎. 以묎뎅�쓽 LED�뾽怨꾧�� �젙遺��쓽 蹂댁“湲덉쓣 諛뷀깢�쑝濡� ���媛� �젣�뭹�뱾�쓣 �룦�븘�궡怨� �엳湲� �븣臾몄씠�떎. �뜑遺덉뼱 �쟾諛⑹궛�뾽�쓽 �긽�솴�룄 醫뗭�� �븡�떎. LG�씠�끂�뀓��� LG�뵒�뒪�뵆�젅�씠瑜� 鍮꾨’�븳 �뵒�뒪�뵆�젅�씠 �젣議곗궗�뿉 LCD �뙣�꼸 �젣�옉�뿉 �궗�슜�릺�뒗 BLU(諛깅씪�씠�듃�쑀�떅)�슜 LED瑜� �궔�뭹�빐�솕�뒗�뜲 �뵒�뒪�뵆�젅�씠 �젣議곗궗�뱾 �뿭�떆 以묎뎅�궛 �뙣�꼸�쓽 ���媛� 怨듭꽭�뿉 �쐞湲곕�� 留욊퀬 �엳�떎. �씠�윴 �긽�솴�뿉�꽌 LG�씠�끂�뀓��� �씤�젰媛먯텞 諛� 援ъ“議곗젙�씠 遺덇���뵾�븯�떎怨� �뙋�떒�빐 吏��궃�빐 11�썡遺��꽣 寃쎄린�룄 �뙆二� �궗�뾽�옣�쓽 �쁽�옣 吏곸썝�뱾�쓣 ����긽�쑝濡� �씗留앺눜吏곸쓣 �떊泥�諛쏄린�룄 �뻽�떎.�씗留앺눜吏곸뿉 �븵�꽌 LG�씠�끂�뀓��� �씤�젰 LED�궗�뾽遺��쓽 吏곸썝�뱾�쓣 �떎瑜� 遺��꽌濡� �쟾�솚諛곗튂�븯�뒗 �벑�쓽 諛⑹떇�쑝濡쒕룄 LED 遺�臾� 吏곸썝�쓣 以꾩뿬�굹媛붾떎. 吏��궃�빐 3遺꾧린 湲곗�� LED�궗�뾽遺� 吏곸썝��� 493紐낆쑝濡� �쟾�뀈 �룞湲� 697紐낆뿉 寃ъ쨾 �빟 30%媛� 以꾩뿀�떎.�븳 LED�뾽怨� 愿�怨꾩옄�뒗 ""以묎뎅�쓽 ���媛� �젣�뭹 �벑�쓽 �쁺�뼢�쑝濡� �떆�옣 �긽�솴�씠 醫뗭�� �븡�떎""�씪硫� ""LG�씠�끂�뀓�쓽 寃쎌슦 �빐�떦 遺�遺꾩쓽 �쟻�옄媛� 怨꾩냽�뤌 �씠誘� 紐뉖뀈 �쟾遺��꽣 �깮�궛�쓣 以꾩씠怨� �궗�뾽�쓣 �젒�뒗�떎�뒗 �씠�빞湲곌�� 怨꾩냽�빐�꽌 �젣湲곕뤌�솕�떎""怨� 諛앺삍�떎.�븳�렪 LG�씠�끂�뀓��� �궗�뾽 �쟾諛섏뿉 嫄몄튇 援ъ“議곗젙 �옉�뾽�쓣 吏꾪뻾�븯怨� �엳�떎. �뿭�떆 以묎뎅�뾽泥대뱾�쓽 �룄�쟾�쑝濡� 寃쎌웳�씠 �떖�솕�맂 PCB(�씤�뇙�쉶濡쒓린�뙋) �궗�뾽��� �삱�빐遺��꽣 �깮�궛�쓣 以묐떒�뻽�떎. 諛섎룄泥닿린�뙋 �궗�뾽�뿉 吏묒쨷�븯寃좊떎�뒗 紐⑹쟻�씠�뿀�떎. �뜑遺덉뼱 LG�씠�끂�뀓��� 吏��궃�빐 9�썡�뿉�뒗 2015�뀈 吏꾩텧�뻽�뜕 �쟾�옄媛�寃⑺몴�떆湲�(Electronic Shelf Label, ESL) �궗�뾽�쓣 �뿉�씠�뀓�떚�뿏�뿉 �뼇�룄�븯寃좊떎怨� 諛앺엳硫댁꽌 ESL�궗�뾽�뿉�꽌�룄 �셿�쟾�엳 諛쒖쓣 類먮떎"
12," 援��궡 �닔�엯李� �떆�옣�쓽 �젅��� 媛뺤옄�뒗 �룆�씪 釉뚮옖�뱶�떎. 硫붾Ⅴ�꽭�뜲�뒪-踰ㅼ툩, BMW, �룺�뒪諛붽쾺�씠 援��궡 �닔�엯李� �떆�옣�쓣 �옣�븙�븯怨� �엳�떎. �씪蹂맞룸�멸뎅 釉뚮옖�뱶�뱾�씠 �닔�엯李� �떆�옣�쓣 怨듬왂�뻽吏�留� �뿭遺�議깆씠�뿀�떎.�샇�궗�떎留�. �뙋留ㅻ���닔媛� 留롮븘吏��떎 蹂대땲 ��섑뤌 �굹�뒗��� �룆�씪 �봽由щ�몄뾼 釉뚮옖�뱶瑜� 吏�寃⑥썙�븯�뒗 �냼鍮꾩옄�뱾�룄 留롮븘吏�怨� �엳�떎. 援��궡 �닔�엯李� �떆�옣�뿉�꽌 媛��옣 留롮씠 �뙏由щ뒗 踰ㅼ툩 E�겢�옒�뒪瑜� ��섍컯�궓 �룜�굹�����숇씪怨� 遺�瑜� �젙�룄�떎. �씠�뿉 �쁺援�쨌�뒪�썾�뜶쨌�씠�깉由ъ븘 釉뚮옖�뱶�뱾��� �룆�씪 �봽由щ�몄뾼 釉뚮옖�뱶�뿉 �떇�긽�빐吏� �냼鍮꾩옄�뱾�쓣 �쟻洹� 怨듬왂�븯湲� �떆�옉�뻽�떎.�씠�깉由ъ븘 �븯�씠 �띁�룷癒쇱뒪 �윮�뀛由� 釉뚮옖�뱶�씤 留덉꽭�씪�떚�룄 踰ㅼ툩��� �룷瑜댁뎽瑜� ���源껋쑝濡� �궪�븘 �쁺�뼢�젰�쓣 �궎�썱�떎. 留덉꽭�씪�떚�뒗 2014�뀈源뚯���뒗 踰ㅼ툩, BMW, �룷瑜댁뎽 �벑 �룆�씪 釉뚮옖�뱶�뿉 諛��젮 議댁옱媛먯씠 �빟�뻽�떎. �뙋留ㅻ���닔�뒗 2013�뀈�뿉 120����뿉 遺덇낵�뻽�떎. 2014�뀈�뿉�뒗 730���濡� �뙋留ㅻ���닔媛� 利앷���뻽吏�留� �뿬�쟾�엳 1000��� 誘몃쭔�뿉 洹몄낀�떎. 洹몃윭�굹 留덉꽭�씪�떚媛� 湲곕툝由щ�� �궡�넃�쑝硫댁꽌 �긽�솴�씠 諛붾�뚭린 �떆�옉�뻽�떎. 湲곕툝由щ뒗 �뒋�띁移댁씠吏�留� 1�뼲�썝 珥덈컲��� 媛�寃⑹쑝濡� �봽由щ�몄뾼 釉뚮옖�뱶��� �뒋�띁移� 釉뚮옖�뱶 �궗�씠瑜� �뙆怨좊뱾硫댁꽌 ��섏뒋�띁移� ���以묓솕 �떆�����숇�� �뿴�뿀�떎.�쟾�왂��� �꽦怨듯뻽�떎. 留덉꽭�씪�떚瑜� 援��궡 �뙋留ㅽ븯�뒗 FMK�뒗 湲곕툝由щ�� �븵�꽭�썙 2015�뀈�뿉�뒗 �쟾�뀈蹂대떎 180% 利앷���븳 1300�뿬���瑜� �뙋留ㅽ뻽�떎. 1000��� 怨좎���룄 �뿬�쑀濡�寃� �룎�뙆�뻽�떎. �씠 以� 70%瑜� 湲곕툝由ш�� �떞�떦�뻽�떎. 2017�뀈�뿉�뒗 ���諛� �뱶�씪留� '�룄源⑤퉬' �뿴�뭾�뿉 �옒�엯�뼱 '�룄源⑤퉬 李�'濡� �씤吏��룄瑜� �넂�씤 SUV 瑜대컲�뼹源뚯�� 媛��꽭�븯硫댁꽌 �뙋留ㅻ���닔媛� 2000�뿬���濡� 利앷���뻽�떎. �떎留� 2018�뀈�뿉�뒗 1660���, 吏��궃�빐�뿉�뒗 1260����뿉 洹몄낀�떎. �븯吏�留� �뙋留ㅼ감醫낆씠 �떎�뼇�븯吏� 紐삵븯�떎�뒗 �븳怨꾨�� 媛먯븞�븯硫� �썡 �룊洹� 100��� �씠�긽�뵫 �뙋留ㅽ븯�뒗 �븞�젙�쟻�씤 �닔�슂瑜� 湲곕줉�븯怨� �엳�뒗 �뀍�씠�떎. 湲곕툝由� [�궗吏꾩젣怨�=留덉꽭�씪�떚] 留덉꽭�씪�떚 �씤吏��룄瑜� �넂�씠硫댁꽌 �룞�떆�뿉 ��섎깽痢졖룻룷瑜댁뎽 �궗�윭=留덉꽭�씪�떚��숇씪�뒗 紐낆꽦�쓣 �뙎寃� 留뚮뱺 紐⑤뜽��� 湲곕툝由щ떎. 湲곕툝由щ뒗 吏��궃�빐 438���媛� �뙋留ㅻ릱�떎. 留덉꽭�씪�떚 �뙋留ㅻ웾 3遺꾩쓽 1 �씠�긽�쓣 梨낆엫吏�怨� �엳�떎. SUV ����꽭 遺꾩쐞湲곕�� �븵�꽭�슫 瑜대컲�뼹(569���) �떎�쓬�쑝濡� 留롫떎. 湲곕툝由ш�� �꽦�옣�븷 �닔 �엳�뒗 諛곌꼍��� �룆�씪 釉뚮옖�뱶媛� �젣怨듯뻽�떎. FMK �옄泥댁“�궗 寃곌낵, 吏��궃�빐 留덉꽭�씪�떚 援щℓ�옄 以� �젅諛� �씠�긽��� 踰ㅼ툩쨌BMW쨌�븘�슦�뵒쨌�룷瑜댁뎽 李⑤웾�쓣 蹂댁쑀�뻽�뜕 寃껋쑝濡� �굹����궗�떎. 湲곕툝由� 援щℓ�옄�쓽 寃쎌슦 10紐� 以� 7紐낆씠 �룆�씪 釉뚮옖�뱶�뿉�꽌 �꽆�뼱�삩 寃껋쑝濡� 議곗궗�릱�떎.湲곕툝由� 援щℓ�옄�뱾��� 湲곗〈�뿉 �깞�뜕 �룆�씪李⑥쓽 �깂�깂�븳 湲곗닠�젰�뿉 留뚯”�븯硫댁꽌�룄 �떎�쓬 李⑤줈 �룆�씪李� ����떊 湲곕툝由щ�� �꽑�깮�븳 �씠�쑀�뿉 ����빐 �씗�냼�꽦, 媛먯꽦, 媛�寃⑹쓣 瑗쎌븯�떎. 湲곕툝由щ뒗 �쓷�빐吏� �룆�씪李⑥�� �떖由� �뙋留ㅻ���닔媛� �쟻��� �뒋�띁移댁뿬�꽌 �씗�냼媛�移섍�� �넂�떎. �삉 �씠�깉由ъ븘 �옣�씤�젙�떊�쓣 �닾�쁺�븳 �뵒�옄�씤怨� 留덉꽭�씪�떚 �듅�쑀�쓽 媛��뒾 �몢洹쇨굅由щ뒗 諛곌린�쓬�쑝濡� 媛먯꽦�쓣 �옄洹뱁븳�떎. 媛�寃⑸룄 1�뼲�썝���濡� �룆�씪李� 怨좉컼 �엯�옣�뿉�꽌�뒗 媛�寃⑸���떞�룄 �쟻�떎. 湲곕툝由щ뒗 �뿏�듃由ш툒 �뒋�띁移댁씠吏�留� �뵆�옒洹몄떗 �꽭�떒�씤洹� 肄고듃濡쒗룷瑜댄뀒��� ����떆, �꽌�뒪�렂�뀡 �젅�씠�븘�썐, V6 媛��넄由� �뿏吏�, 8�떒 ZF �옄�룞 蹂��냽湲곕�� 怨듭쑀�븳�떎. �쟾�옣x�쟾�룺x�쟾怨좊뒗 4975x1945x1480mm�떎. 肄고듃濡쒗룷瑜댄뀒蹂대떎 290mm 吏㏐퀬 30kg 媛�蹂띾떎. �떎�궡怨듦컙�쓣 寃곗젙�븯�뒗 �쑀踰좎씠�뒪�뒗 3000mm�떎. 留덉꽭�씪�떚 �뙆�썙�듃�젅�씤�씠 �꽕怨꾪븳 V6 媛��넄由� �뿏吏꾩�� �럹�씪由� 留덈씪�꽟濡쒖뿉�꽌 留덉꽭�씪�떚留뚯쓣 �쐞�빐 �룆�젏 �젣議곕맂�떎. 湲곕툝由щ뒗 �썑瑜쒓뎄�룞 媛��넄由� 紐⑤뜽怨� 4瑜쒓뎄�룞 紐⑤뜽 �씪�씤�뾽�쓣 媛뽰톬�떎. 2瑜쒓뎄�룞蹂대떎 寃⑥슱�뿉 媛뺥븳 4瑜쒓뎄�룞�쓣 �꽑�깮�븳 湲곕툝由� S Q4�뒗 ��섍꺼�슱媛뺤감��숈씠湲곕룄 �븯�떎. 留덉꽭�씪�떚�쓽 Q4 �씤�뀛由ъ쟾�듃 �삱-�쑀 �뱶�씪�씠釉� �떆�뒪�뀥(Q4 intelligent all-wheel drive system)��� �뿕�궃�븳 湲고썑��� �룄濡� 議곌굔�뿉�꽌�룄 �븞�젙�쟻�씠硫댁꽌�룄 �떎�씠�궡誘뱁븳 �꽦�뒫怨� �렪�븞�븳 �듅李④컧�쓣 �젣怨듯븳�떎. Q4 �떆�뒪�뀥��� 留덉꽭�씪�떚媛� �옄泥� 媛쒕컻�븳 �븣怨좊━利섏쑝濡� �쑀 �냽�룄, 議고뼢 諛� �슂 媛곷룄, �슫�쟾 �뒪����씪�뿉 �뵲瑜� �슫�쟾��� 洹몃┰ 6媛�吏� 議곌굔�뿉 ����븳 �젙蹂대�� �뿭�룞�쟻�쑝濡� 紐⑤땲�꽣留곹븳�떎.. 媛곸쥌 �뜲�씠�꽣瑜� 諛뷀깢�쑝濡� �룄濡� �궗�젙�뿉 愿�怨꾩뾾�씠 �긽�떆 理쒖쟻�쓽 二쇳뻾 �긽�깭瑜� �쑀吏��븯�룄濡� �룙�뒗�떎.Q4 �떆�뒪�뀥��� �룊�긽�떆 二쇳뻾 �뿭�룞�꽦怨� �뿰猷� �슚�쑉�쓣 �쐞�빐 援щ룞 �넗�겕瑜� 紐⑤몢 �썑瑜쒖뿉 �쟾�떖�븯吏�留� 鍮좊Ⅸ 肄붾꼫留�, 湲됯���냽 �벑 �끂硫닿낵 二쇳뻾 �긽�솴�뿉 �뵲�씪 �떒 15遺꾩쓽 1珥덈쭔�뿉 �쟾瑜쒓낵 �썑瑜쒖쓽 援щ룞 �넗�겕瑜� 0:100�뿉�꽌 50:50�쓽 鍮꾩쑉濡� �쟾�솚�븳�떎.湲곕툝由� S Q4�뒗 3.0�꼻 V6 �듃�쐢 �꽣蹂� �뿏吏꾩쓣 �깙�옱�븳 怨좎꽦�뒫 紐⑤뜽�씠�떎. 理쒓퀬異쒕젰��� 430留덈젰, 理쒕���넗�겕�뒗 59.2kg.m�떎. 理쒓퀬�냽�룄�뒗 286km/h�씠怨�, 諛쒖쭊媛��냽�룄(�떆�냽 0�넂100km �룄�떖�떆媛�)�뒗 4.7珥덈떎. 湲곕툝由щ뒗 留덉꽭�씪�떚�쓽 寃쎌＜李� �삁�넻�쓣 怨꾩듅, �쟾瑜� �뜑釉� �쐞�떆蹂� �떆�뒪�뀥怨� �썑瑜� 硫��떚留곹겕 �떆�뒪�뀥�쓣 �쟻�슜�뻽�떎. �쟾瑜� �꽌�뒪�렂�뀡��� �븣猷⑤�몃뒆 �뜑釉� �쐞�떆蹂몄쓣 �궗�슜�빐 媛�蹂띻퀬 �젙諛��븳 �빖�뱾留곸쓣 �젣怨듯븳�떎. �썑瑜� �꽌�뒪�렂�뀡��� 4媛쒖쓽 �븣猷⑤�몃뒆 �꽌�뒪�렂�뀡 �븫�씠 �엳�뒗 5硫��떚 留곹겕 �떆�뒪�뀥�쓣 �쟻�슜�빐 �뒪�룷痢� 二쇳뻾 �꽦�뒫�쓣 諛쒗쐶�븯怨� �렪�븞�븿�쓣 �꽑�궗�븳�떎.�쟾쨌�썑瑜� 紐⑤몢 �끂硫� 議곌굔�뿉 �뵲�씪 吏��냽�쟻�쑝濡� �뙋�븨�젰�쓣 蹂��룞�떆�궎�뒗 理쒖떊 踰꾩쟾�쓽 �뒪�룷痢� �뒪移댁씠�썒 �쟾�옄�젣�뼱�떇 �꽌�뒪�렂�뀡�룄 �옣李⑺뻽�떎. �뒪�룷痢� �뒪移댁씠�썒 �꽌�뒪�렂�뀡 �떆�뒪�뀥��� 4媛쒖쓽 諛뷀�댁뿉 �옣李⑸맂 媛��냽 �꽱�꽌瑜� �넻�빐 二쇳뻾�뒪����씪怨� �룄濡� �긽�깭�뿉 ����븳 �젙蹂대�� �떎�떆媛꾩쑝濡� 遺꾩꽍�븯怨� ECU�뿉 �쟾�떖�븿�쑝濡쒖뜥 吏��냽�쟻�쑝濡� �뙋�븨瑜좎쓣 議곗젅�븯�뿬 理쒖긽�쓽 二쇳뻾�씠 媛��뒫�븯�룄濡� 吏��썝�븳�떎. 洹몃��猷⑥냼 [�궗吏꾩젣怨�=留덉꽭�씪�떚] 湲곕툝由щ뒗 �뵒�옄�씤�룄 ��섑뤌��숇궃�떎. �쟾�썑硫� 踰뷀띁 �뵒�옄�씤怨� �씪�뵒�뿉�씠�꽣 洹몃┫ �꽕怨꾨�� �넻�빐 怨듦린 �뿭�븰�쟻 �슚�쑉�꽦�쓣 媛쒖꽑�븯怨� �슦�븘�븿怨� �뿭�룞�꽦�쓣 紐⑤몢 �젒紐⑺뻽湲� �븣臾몄씠�떎.�쟾硫댁뿉�뒗 怨듦꺽�쟻�씤 �뵒�옄�씤�쓽 �겕濡� 諛붾�� �궗�슜�븳 �씪�뵒�뿉�씠�꽣 洹몃┫�씠 留덉꽭�씪�떚�쓽 �궪吏�李� �뿞釉붾읆�쓣 �뭹�뼱 �슦�븘�븳 �씤�긽�쓽 踰뷀띁��� 議고솕瑜� �씠猷щ떎. �쁿紐⑥뒿��� �봽�젅�엫由ъ뒪 �룄�뼱��� 洹쇱쑁吏� �씪�씤�씠 媛뺤“�맂 �썑誘멸�� �뼱�슦�윭�졇 �룆�듅�븳 荑좏럹 猷⑹쓣 �뿰異쒗븳�떎.湲곕툝由ъ쓽 洹몃┫ �뵒�옄�씤��� 留덉꽭�씪�떚�쓽 �븯�씠�띁�룷癒쇱뒪 荑좏럹�씤 洹몃���닾由ъ뒪紐⑤줈遺��꽣 �쁺媛먯쓣 諛쏆븯�쑝硫�, �씠�뒗 1950�뀈��� �겢�옒�떇 紐⑤뜽 A6 GCS�쓽 李⑥껜 �씪�씤�쓣 �떎�떆 �뼚�삱由ш쾶 �븳�떎.�늿遺��떖 �쁽�긽�쓣 諛⑹���븯�뒗 ��� LED �뼱�뙌�떚釉� 留ㅽ듃由��뒪 �뿤�뱶�씪�씠�듃�뒗 二쇳뻾 �냽�룄��� 二쇰�� 議곌굔�뿉 �뵲�씪 �긽쨌�븯�뼢�벑�쓣 議곗젅�븯�뒗 �븞�쟾�꽦�쓣 蹂댁옣�븯硫댁꽌 怨좉툒�뒪�읇怨� 媛뺥븳 �씤�긽�쓣 媛곸씤�떆�궓�떎. 湲곕툝由щ뒗 �깉濡쒖슫 �쇅愿� 而щ윭 濡쒖냼 �룷�뀗�뀒(Rosso Potente)��� 釉붾（ �끂鍮뚮젅(Blu Nobile)濡� �슦�븘�븯怨� �뿭�룞�쟻�씤 �뵒�옄�씤�쓣 �뜑�슧 �룍蹂댁씠寃� �뻽�떎. 濡쒖냼 �룷�뀗�뀒�뒗 �씠�깉由ъ븘 �뒪�룷痢좎뭅�쓽 �쑉嫄곗슫 �젅�씠�떛 �쟾�넻�쓣 �긽吏뺥븯�뒗 媛뺣젹�븳 �젅�뱶 �넠�씠�떎. 釉붾（ �끂鍮뚮젅�뒗 怨좉���븿�쓣 �떞��� 源딄퀬 吏꾪븳 釉붾（ �넠�쑝濡� 湲곕툝由ъ쓽 諛붾뵒�씪�씤�쓣 媛뺤“�븳�떎. 洹몃���뒪�룷�듃 [�궗吏꾩젣怨�=留덉꽭�씪�떚] 湲곕툝由щ뒗 �윮�뀛由� 媛먯꽦�쓽 ��섍렇���猷⑥냼(GranLusso)��숈�� �뒪�룷�떚�븳 留ㅻ젰�쓽 ��섍렇����뒪�룷�듃(GranSport)��� �몢 媛�吏� �듃由쇱쑝濡� 異쒖떆�맂�떎.洹몃��猷⑥냼 �듃由쇱�� �윮�뀛由� 媛먯꽦怨� �븞�씫�븿�쓣 媛뺤“�븳 紐⑤뜽濡쒖씠�떎. �겕濡ъ쑝濡� 留덇컧�맂 �봽濡좏듃 踰뷀띁媛� �꽭�떒�쓽 怨좉툒�뒪�윭���怨� �꽭�젴誘몃�� �걣�뼱 �삱由곕떎.湲곕낯 �젣怨듬릺�뒗 �뿉瑜대찓�꽕吏덈룄 �젣�깘(Ermenegildo Zegna) �떎�겕 �뿉�뵒�뀡��� �씠�깉由ъ븘 紐낇뭹 釉뚮옖�뱶 �뿉瑜대찓�꽕吏덈룄 �젣�깘�쓽 �떎�겕 �냼�옱濡� 李⑤웾 �궡遺��뿉 �솕�젮�븯硫댁꽌�룄 �젅�젣�맂 �씠�깉由ъ븞 媛먯꽦�쓣 �꽑�궗�븳�떎. 洹몃���뒪�룷�듃 �듃由쇱�� �뵾�븘�끂 釉붾옓(Piano Black) �씤�꽌�듃 �뒪�룷痢� 踰뷀띁��� �씪�뵒�뿉�씠�꽣 洹몃┫�쓣 �쟻�슜�븯怨�, 3媛쒖쓽 �룆由쎈맂 �뿉�뼱 �씤�뀒�씠�겕 �뵒�옄�씤�쓣 梨꾪깮�빐 �뿭�룞�꽦怨� �뒪�룷�떚�븿�쓣 媛뺤“�뻽�떎. 湲곕낯 �젣怨듬릺�뒗 �뒪�룷痢� �떆�듃�뒗 12�썾�씠 �옄�룞 議곗젅 湲곕뒫怨� 硫붾え由� 湲곕뒫�쑝濡� �뼱�뼡 二쇳뻾 �솚寃쎌뿉�꽌�룄 �슫�쟾�옄瑜� �븞�젙媛� �엳寃� 吏�吏��븳�떎. 湲곕낯 �깙�옱�릺�뒗 �쟾�옄�젣�뼱�떇 �뒪移댁씠�썒 �꽌�뒪�렂�뀡(Skyhook Suspension), �뒪�룷痢� �뒪�떚�뼱留� �쑀, �뒪�룷痢� �럹�떖��� 留덉꽭�씪�떚留뚯쓽 �젅�씠�떛 �쑀�쟾�옄(DNA)瑜� 吏곴���쟻�쑝濡� �뒓�굜 �닔 �엳寃� 吏��썝�븳�떎.��섎깽痢졖룻룷瑜댁뎽��� �궗�윭�씠�옄 ��섏뒋�띁移� ���以묓솕 �떆�����숇�� �뿰 湲곕툝由щ뒗 援��궡�뿉�꽌 1�뼲1800留뚯썝~1�뼲4700留뚯썝�뿉 �뙋留ㅻ맂�떎.[�뵒吏��꽭�돱�뒪援� 理쒓린�꽦 湲곗옄]�뼳湲곗궗怨듭쑀�븯怨� 肄붿씤�쟻由쏀븯�꽭�슂 'M肄붿씤'�뼳�꽕�씠踰� 硫붿씤�뿉�꽌 '留ㅼ씪寃쎌젣'瑜� 諛쏆븘蹂댁꽭�슂혻�뼳�돱�뒪�젅�꽣 '留ㅼ숴�떖肄�' 援щ룆[�뱬 留ㅼ씪寃쎌젣 & mk.co.kr, 臾대떒�쟾�옱 諛� �옱諛고룷 湲덉��]"
13,"�뼳湲곗궗怨듭쑀�븯怨� 肄붿씤�쟻由쏀븯�꽭�슂 'M肄붿씤'�뼳�꽕�씠踰� 硫붿씤�뿉�꽌 '留ㅼ씪寃쎌젣'瑜� 諛쏆븘蹂댁꽭�슂혻�뼳�돱�뒪�젅�꽣 '留ㅼ숴�떖肄�' 援щ룆[�뱬 留ㅼ씪寃쎌젣 & mk.co.kr, 臾대떒�쟾�옱 諛� �옱諛고룷 湲덉��]"
14,7�씪(�쁽吏��떆媛�) 誘멸뎅 �씪�뒪踰좎씠嫄곗뒪�뿉�꽌 �뿴由щ뒗 �꽭怨� 理쒕�� �쟾�옄 �쟾�떆�쉶 CES 2020�뿉�꽌 �궪�꽦�쟾�옄 �쟾�떆愿��쓣 諛⑸Ц�븳 愿��엺媛앸뱾�씠 150�삎�쓽 �깮�깮�븳 �솕吏덉쓣 �옄�옉�븯�뒗 2020�뀈�삎 留덉씠�겕濡� LED ��섎뜑 �썡��숈쓣 �궡�렣蹂닿퀬 �엳�떎. (�궗吏�=�궪�꽦�쟾�옄 �젣怨�) 2020.01.09.
15," [以묎뎅 BOE�뒗 遺��뭹�궃�쑝濡� 踰뚯뜥 �깮�궛李⑥쭏����궪�꽦쨌LGD, 遺��뭹쨌遺��옄�옱 2~3媛쒖썡�씠 怨좊퉬] 愿묒���슦�뿉 �쐞移섑븳 LG�뵒�뒪�뵆�젅�씠�쓽 8.5�꽭��� OLED 怨듭옣 �쟾寃� /�궗吏꾩젣怨�=LG�뵒�뒪�뵆�젅�씠肄붾줈�굹19(COVID-19) �궗�깭媛� �닔洹몃윭吏� 議곗쭚�씠 蹂댁씠吏� �븡�쑝硫� 湲�濡쒕쾶 �뵒�뒪�뵆�젅�씠 �뾽怨꾩쓽 遺��뭹�궃�씠 �떎�젣 �깮�궛 李⑥쭏濡� �씠�뼱吏��뒗 紐⑥뒿�씠 �굹�삤怨� �엳�떎. 援��궡 �뵒�뒪�뵆�젅�씠 �뾽泥대뱾�룄 �씪遺� 遺��뭹怨� 遺��옄�옱�쓽 以묎뎅�궛 �쓽議대룄媛� �넂�븘 ���梨� 留덈젴�씠 �떆湲됲븯�떎�뒗 吏��쟻�씠�떎.�봺訝� 遺��뭹 怨듦툒�궃, �뵒�뒪�뵆�젅�씠 �깮�궛 李⑥쭏濡쒋봺27�씪 ���留� IT�쟾臾몄�� �뵒吏�����엫�뒪�뿉 �뵲瑜대㈃ 以묎뎅 �슦�븳�쓽 �뵒�뒪�뵆�젅�씠�뾽泥� BOE�쓽 �몢 踰덉㎏ 10.5�꽭��� LCD(�븸�젙�몴�떆�옣移�) 怨듭옣 B17��� 理쒓렐 肄붾줈�굹19 �궗�깭濡� 遺��뭹�궃�쓣 寃れ쑝硫� '�옩�봽�뾽(�깮�궛�웾 利앸��)'�씠 吏��뿰�릺怨� �엳�떎.�떦珥� BOE�뒗 �삱�빐 留먭퉴吏��뒗 �뙣�꼸 �깮�궛�웾�쓣 �썡 9留뚯옣, 2021�뀈 2�썡源뚯���뒗 �썡 12留뚯옣�쑝濡� 紐⑺몴瑜� �옟�븯�떎. �븯吏�留� 遺��뭹�궃�씠 鍮싳뼱吏�硫� �쁽�옱 �썡 1留�~2留뚯옣 �깮�궛�뿉 洹몄튇�떎. 肄붾줈�굹19 �솗�궛�쑝濡� 以묎뎅 �궡 遺��뭹 �닔湲됱씠 �뼱�젮����쓣 寃れ쑝硫� �뙣�꼸 �깮�궛�룄 李⑥쭏�쓣 鍮싲뒗 �긽�솴�씠�떎. �뾽怨� 愿�怨꾩옄�뒗 ""理쒓렐 議곗궗�뿉 �뵲瑜대㈃ �씪遺� �빑�떖 遺��뭹�쓽 臾쇰웾 遺�議깆쑝濡� 以묎뎅�뿉 �쐞移섑븳 ����떎�닔 �뙣�꼸 �젣議곗뾽泥대뱾�씠 ���寃⑹쓣 �엯怨� �엳�떎""硫� ""PCB(�씤�뇙�쉶濡쒓린�뙋)怨� BLU(諛깅씪�씠�듃�쑀�떅), �렪愿묓뙋 �벑�씠 ����몴�쟻�씤 遺��뭹�궃�쓣 蹂댁씠�뒗 �뭹紐�""�씠�씪怨� 諛앺삍�떎.以묎뎅 �궡 ���遺�遺꾩쓽 �뙣�꼸 �젣議곗뾽泥대뱾��� 3�썡 留먭퉴吏��뒗 踰꾪떥 �닔 �엳�뒗 4~6二쇨컙�쓽 遺��뭹 �옱怨좊웾�쓣 蹂댁쑀�븯怨� �엳�떎. �쁽�옱 �뙣�꼸 �떊洹� 二쇰Ц�웾�쓽 70% �젙�룄留� �깮�궛�븯�뒗 �떎�젙�씠�떎.  �떆�옣議곗궗�뾽泥� �뒪�넠�뙆�듃�꼫�뒪�뒗 以묎뎅 �궡 �뵒�뒪�뵆�젅�씠�뾽怨� �쁽�솴�뿉 ����빐 ""洹쒕え媛� �겙 湲곗뾽�뱾��� 2�썡 留덉��留됱＜ 洹쇰줈�옄 蹂듦���쑉�씠 60%, 3�썡 珥� 蹂듦���쑉�씠 70%�씤 諛섎㈃ �쁺�꽭�뾽泥대뱾�쓽 蹂듦���쑉��� 20% 誘몃쭔 �닔以�""�씠�씪硫� ""�씠�뱾 �쁺�꽭�뾽泥닿�� �깮�궛�빐 �삩 �룷�옣吏���� 蹂댄샇�븘由�, �룷�옣 鍮꾨땺, USB 異⑹쟾 耳��씠釉� �벑 以묒슂�룄媛� �궙��� 遺��뭹怨� 遺��옄�옱�뿉�꽌 �떖媛곹븳 遺�議� �쁽�긽�씠 �굹�삱 �닔 �엳�떎""怨� 諛앺삍�떎.�봺�궪�꽦D쨌LG�뵒�뒪�뵆�젅�씠 �썑怨듭젙, 以묎뎅�궛�뿉 �떖�졇�떎�봺�씠 媛숈�� 遺��뭹�궃��� LG�뵒�뒪�뵆�젅�씠��� �궪�꽦�뵒�뒪�뵆�젅�씠�룄 �삁�쇅媛� �븘�땲�떎. LG�뵒�뒪�뵆�젅�씠�뒗 愿묒���슦��� �삅����씠�뿉, �궪�꽦�뵒�뒪�뵆�젅�씠�뒗 �뫀����슦, �냸吏�, �뫁愿� �벑�뿉 媛곴컖 怨듭옣�쓣 媛��룞�븯怨� �엳�떎�씠�뱾 �뾽泥대뒗 �듅�엳 以묎뎅�궛 遺��뭹 鍮꾩쨷�쓣 怨듦컻�븯吏� �븡怨� �엳吏�留� PCB��� 蹂댄샇�븘由�, �룷�옣�옱 �벑 二쇰줈 �썑怨듭젙�슜 遺��뭹�쓽 以묎뎅 �쓽議대룄媛� �넂��� 寃껋쑝濡� �븣�젮議뚮떎. 肄붾줈�굹19�쓽 諛쒖썝吏��씤 以묎뎅 �슦�븳�뿉�뒗 �쑀�룆 PCB 怨듭옣�뱾�씠 諛�吏묐뤌 �엳�떎. 臾쇰줎 �씪遺� 援��궛 PCB濡� ���泥닿�� 媛��뒫�븯吏�留� 以묎뎅�궛 PCB瑜� 諛쏆븘 �벐�뒗 LG�뵒�뒪�뵆�젅�씠��� �궪�꽦�뵒�뒪�뵆�젅�씠�쓽 以묎뎅 �쁽吏� 怨듭옣��� �븙�쁺�뼢�쓣 諛쏆쓣 �닔 �엳�떎. �듅�엳 �뵒�뒪�뵆�젅�씠 �깮�궛 �썑怨듭젙�뿉 �벐�씠�뒗 以묎뎅�궛 遺��옄�옱�뒗 �냼�옱쨌遺��뭹 以� 以묒슂�룄媛� �뼥�뼱�졇 ���遺�遺� �삊�젰�궗瑜� �넻�빐 怨듦툒諛쏅뒗�떎. �븯吏�留� �셿�젣�뭹 �깮�궛�뿉 �븘�닔 遺��뭹�씤�뜲�떎 �븳援��뿉�꽑 �뜑 �씠�긽 �깮�궛�븯吏� �븡�뒗 遺��뭹�뱾�룄 �엳�뼱 以묎뎅諛� 怨듦툒�궃�씠 遺덇굅吏� 寃쎌슦 �븳援� �뵒�뒪�뵆�젅�씠�뾽怨꾩뿉 ���寃⑹씠 �겢 �닔 �엳�떎�뒗 �쟾留앹씠�떎.�뾽怨� 愿�怨꾩옄�뒗 ""�뵒�뒪�뵆�젅�씠 �깮�궛�뿉�뒗 媛� �뙣�꼸 �궗�씠�뿉 源뚮뒗 �룷�옣�옱��� �렪愿묓븘由� �븯�굹 �븯�굹媛� �떎 以묒슂�븳�뜲 以묎뎅�쑝濡쒕���꽣 議곕떖�븯�뜕 寃껋씠 �걡湲곕㈃ �븳援� �뵒�뒪�뵆�젅�씠�뾽怨꾩뿉�뒗 移섎챸�쟻�씪 �닔 �엳�떎""怨� 諛앺삍�떎. �삉 �떎瑜� �뾽怨� 愿�怨꾩옄�뒗 ""�씪遺� 遺��옄�옱�뒗 �삊�젰�궗瑜� �넻�빐 怨듦툒諛쏅뒗 寃껋씠 �엳�뒗�뜲 �삊�젰�궗媛� 以묎뎅�뿉�꽌 �닔�엯�빐 �떎�떆 LG�뵒�뒪�뵆�젅�씠�굹 �궪�꽦�뵒�뒪�뵆�젅�씠�뿉 �궔�뭹�븯�뒗 寃껊룄 �긽�떦�닔""�씪硫� ""肄붾줈�굹19濡� 以묎뎅�궛�쓣 怨듦툒諛쏄린媛� �옒�뱾�뼱 �삊�젰�궗媛� �븷濡쒕�� 寃り퀬 �엳�떎""怨� 諛앺삍�떎. �씠 愿�怨꾩옄�뒗 踰붿슜 遺��옄�옱�뒗 �븳援��뿉�꽑 �떒媛�媛� �븞 留욎븘 以묎뎅�뿉�꽌 �쟾�웾 怨듦툒諛쏅뒗�뜲 肄붾줈�굹 �궗�깭媛� �옣媛��솕硫� ���寃⑹씠 �엳�쓣 寃껋씠�씪怨� �궡�떎遊ㅻ떎.  �븵�쑝濡� 2~3媛쒖썡�씠 吏꾩쭨 怨좊퉬�씪�뒗 �쟾留앸룄 �굹�삩�떎. 源�湲고쁽 �뒪�넠�뙆�듃�꼫�뒪 �씠�궗�뒗 ""�뵒�뒪�뵆�젅�씠�뒗 紐⑤뱢怨� �썝遺��옄�옱�쓽 以묎뎅�궛 �쓽議대룄媛� �넂��� �렪""�씠�씪硫� ""諛깆떆�듃�뿉 �뱾�뼱媛��뒗 洹몃씪�뙆�씠�듃 �벑 �씪遺� �냼�옱��� 而ㅻ쾭�쐢�룄�뿉�꽌 癒쇱�� 臾몄젣媛� �깮湲� �닔 �엳�떎""怨� 留먰뻽�떎. 洹몃뒗 ""以묎뎅 �궡 遺��뭹 怨듦툒�궃�씠 2~3媛쒖썡 �씠�긽 吏��냽�릺硫� 援��궡 �뙣�꼸�뾽泥댁뿉�룄 �깮�궛 李⑥쭏�씠�씪�뒗 遺덈삦�씠 �뒋 寃�""�씠�씪怨� �궡�떎遊ㅻ떎.援��궡 �뵒�뒪�뵆�젅�씠 �뾽怨꾨뒗 遺��뭹 �옱怨좊웾�쓣 硫대���엳 �뙆�븙�븯�뒗 �븳�렪 以묎뎅�궛 遺��뭹�궃�뿉 ���鍮꾪븳 �뵆�옖B濡� �뵾�빐瑜� 理쒖냼�솕 �븷 諛⑹묠�씠�떎.諛뺤냼�뿰 湲곗옄"
